V1,V2,V3,V4,V5,V6,V7,V8,V9,V10,V11,V12,V13,V14,Coulombs,App_Amps,A1,A2,A3,A4,A5,A6,A7,A8,A9,A10,A11,A12,A13,A14
0,0,0,0,0,0,0,0,0,0,0,0,0,0,0,0,0,0,0,0,0,0,0,0,0,0,0,0,0,0
0,0,86,0,0,0,0,0,0,0,0,0,0,0,118,59,0,0,59,0,0,0,0,0,0,0,0,0,0,0
0,0,176,0,0,0,0,0,0,0,0,0,0,0,388,135,0,0,135,0,0,0,0,0,0,0,0,0,0,0
0,0,240,0,0,0,0,0,0,0,0,0,0,0,786,199,0,0,199,0,0,0,0,0,0,0,0,0,0,0
0,0,240,0,0,0,0,0,0,0,0,0,0,0,1202,208,0,0,208,0,0,0,0,0,0,0,0,0,0,0
0,0,240,0,0,0,0,0,0,0,0,0,0,0,1626,212,0,0,212,0,0,0,0,0,0,0,0,0,0,0
0,0,240,0,0,0,0,0,0,0,0,0,0,0,2052,213,0,0,213,0,0,0,0,0,0,0,0,0,0,0
0,0,240,0,0,0,0,0,0,0,0,0,0,0,2478,213,0,0,213,0,0,0,0,0,0,0,0,0,0,0
0,0,240,0,0,0,0,0,0,0,0,0,0,0,2930,226,0,0,226,0,0,0,0,0,0,0,0,0,0,0
0,0,240,0,0,0,0,0,0,0,0,0,0,0,3418,244,0,0,244,0,0,0,0,0,0,0,0,0,0,0
0,0,237,0,0,0,0,0,0,0,0,0,0,0,3928,255,0,0,255,0,0,0,0,0,0,0,0,0,0,0
0,0,233.75,0,0,0,0,0,0,0,0,0,0,0,4460,266,0,0,266,0,0,0,0,0,0,0,0,0,0,0
0,0,231,0,0,0,0,0,0,0,0,0,0,0,5014,277,0,0,277,0,0,0,0,0,0,0,0,0,0,0
0,0,229,0,0,0,0,0,0,0,0,0,15,0,5590,288,0,0,288,0,0,0,0,0,0,0,0,0,0,0
0,0,227.5,0,0,0,0,0,0,0,0,0,126,0,6186,298,0,0,298,0,0,0,0,0,0,0,0,0,0,0
0,0,228,0,0,0,0,0,0,0,0,0,254,0,6862,338,0,0,286,0,0,0,0,0,0,0,0,0,52,0
0,0,227.5,0,0,0,0,0,0,0,0,0,290,0,7584,361,0,0,290,0,0,0,0,0,0,0,0,0,71,0
0,0,227.5,49,0,0,0,0,0,0,0,0,290,0,8326,371,0,0,296,0,0,0,0,0,0,0,0,0,75,0
0,0,227.25,150,0,0,0,0,0,0,0,0,290,0,9090,382,0,0,302,0,0,0,0,0,0,0,0,0,80,0
0,0,227.75,243,0,0,0,0,0,0,0,0,290,0,9890,400,0,0,302,31,0,0,0,0,0,0,0,0,67,0
0,0,229.25,265,0,0,0,0,0,0,0,0,290,0,10732,421,0,0,302,68,0,0,0,0,0,0,0,0,51,0
0,0,230.75,265,0,0,0,0,0,0,0,0,290,0,11602,435,0,0,305,77,0,0,0,0,0,0,0,0,53,0
0,0,232.5,265,0,0,0,0,0,0,0,0,290,0,12498,448,0,0,306,86,0,0,0,0,0,0,0,0,56,0
0,0,235,265,0,0,0,0,0,0,0,0,290,0,13412,457,0,0,306,94,0,0,0,0,0,0,0,0,57,0
0,0,237.5,265,0,0,0,0,0,0,0,0,290,0,14350,469,0,0,304,105,0,0,0,0,0,0,0,0,60,0
0,0,240,265,0,0,0,0,0,0,0,0,290,0,15304,477,0,0,300,115,0,0,0,0,0,0,0,0,62,0
0,0,240,265,0,0,0,0,0,0,0,0,290,0,16266,481,0,0,288,127,0,0,0,0,0,0,0,0,66,0
0,0,240,265,0,0,0,0,0,0,0,0,290,0,17230,482,0,0,274,139,0,0,0,0,0,0,0,0,69,0
0,0,240,265,0,0,0,0,0,0,0,0,290,0,18194,482,0,0,258,151,0,0,0,0,0,0,0,0,73,0
0,0,240,265,0,0,0,0,0,0,0,0,290,0,19148,477,0,0,241,161,0,0,0,0,0,0,0,0,75,0
0,0,240,265,72.25,0,0,0,0,0,0,0,290,0,20096,474,0,0,223,171,0,0,0,0,0,0,0,0,80,0
0,0,240,265,175,0,0,0,0,0,0,0,290,0,21030,467,0,0,204,180,0,0,0,0,0,0,0,0,83,0
0,0,240,265,265,0,0,0,0,0,0,0,290,0,21978,474,0,0,182,174,46,0,0,0,0,0,0,0,72,0
0,0,240,265,265,0,0,0,0,0,0,0,290,0,22918,470,0,0,164,178,54,0,0,0,0,0,0,0,74,0
0,0,240,265,265,0,0,0,0,0,0,0,290,0,23828,455,0,0,155,175,53,0,0,0,0,0,0,0,72,0
0,0,240,265,265,0,0,0,0,0,0,0,290,0,24728,450,0,0,140,178,59,0,0,0,0,0,0,0,73,0
0,0,240,265,265,0,0,0,0,0,0,0,290,0,25618,445,0,0,123,180,67,0,0,0,0,0,0,0,75,0
0,0,240,265,265,0,0,0,0,0,0,0,290,0,26504,443,0,0,106,183,77,0,0,0,0,0,0,0,77,0
0,0,240,265,265,0,0,0,0,0,0,0,290,0,27386,441,0,0,94,182,86,0,0,0,0,0,0,0,79,0
0,0,70,265,265,0,0,0,0,0,0,0,290,0,28222,418,0,0,51,189,97,0,0,0,0,0,0,0,81,0
0,0,0,265,265,0,0,0,0,0,0,0,290,0,29014,396,0,0,0,200,112,0,0,0,0,0,0,0,84,0
0,0,0,265,265,0,0,0,0,0,0,0,290,0,29814,400,0,0,0,194,120,0,0,0,0,0,0,0,86,0
0,0,0,265,265,0,0,0,0,0,0,0,290,0,30626,406,0,0,0,187,132,0,0,0,0,0,0,0,87,0
0,0,0,265,265,0,0,0,0,0,0,0,290,0,31450,412,0,0,0,181,142,0,0,0,0,0,0,0,89,0
0,0,0,265,265,58,0,0,0,0,0,0,290,0,32272,411,0,0,0,172,150,0,0,0,0,0,0,0,89,0
0,0,0,265,265,159,0,0,0,0,0,0,290,0,33084,406,0,0,0,160,157,0,0,0,0,0,0,0,89,0
0,0,0,265,265,265,0,0,0,0,0,0,290,0,33906,411,0,0,0,148,157,26,0,0,0,0,0,0,80,0
0,0,0,265,265,265,0,0,0,0,0,0,290,0,34716,405,0,0,0,134,163,29,0,0,0,0,0,0,79,0
0,0,0,265,265,265,0,0,0,0,0,0,290,0,35518,401,0,0,0,122,167,34,0,0,0,0,0,0,78,0
0,0,0,265,265,265,0,0,0,0,0,0,290,0,36300,391,0,0,0,106,170,39,0,0,0,0,0,0,76,0
0,0,0,265,265,265,0,0,0,0,0,0,290,0,37068,384,0,0,0,92,172,45,0,0,0,0,0,0,75,0
0,0,0,265,265,265,0,0,0,0,0,0,290,0,37830,381,0,0,0,80,174,52,0,0,0,0,0,0,75,0
0,0,0,265,265,265,0,0,0,0,0,0,290,0,38590,380,0,0,0,67,176,64,0,0,0,0,0,0,73,0
0,0,0,265,265,265,0,0,0,0,0,0,290,0,39352,381,0,0,0,52,173,84,0,0,0,0,0,0,72,0
0,0,0,265,265,265,0,0,0,0,0,0,290,0,40106,377,0,0,0,35,166,103,0,0,0,0,0,0,73,0
0,0,0,165,265,265,0,0,0,0,0,0,290,0,40856,375,0,0,0,28,157,116,0,0,0,0,0,0,74,0
0,0,0,0,265,265,0,0,0,0,0,0,290,0,41582,363,0,0,0,0,156,126,0,0,0,0,0,0,81,0
0,0,0,0,265,265,0,0,0,0,0,0,290,0,42300,359,0,0,0,0,144,137,0,0,0,0,0,0,78,0
0,0,0,0,265,265,0,0,0,0,0,0,290,0,43010,355,0,0,0,0,133,146,0,0,0,0,0,0,76,0
0,0,0,0,265,265,0,0,0,0,0,0,290,0,43706,348,0,0,0,0,123,152,0,0,0,0,0,0,73,0
0,0,0,0,265,265,0,0,0,0,0,0,290,0,44386,340,0,0,0,0,112,158,0,0,0,0,0,0,70,0
0,0,0,0,265,265,82,0,0,0,0,0,290,0,45054,334,0,0,0,0,103,164,0,0,0,0,0,0,67,0
0,0,0,0,265,265,181,0,0,0,0,0,290,0,45712,329,0,0,0,0,93,164,8,0,0,0,0,0,64,0
0,0,0,0,265,265,265,0,0,0,0,0,290,15,46408,348,0,0,0,0,81,145,62,0,0,0,0,0,60,0
0,0,0,0,265,265,265,0,0,0,0,0,290,127.5,47096,344,0,0,0,0,68,146,72,0,0,0,0,0,58,0
0,0,0,0,265,265,265,0,0,0,0,0,290,259,47802,353,0,0,0,0,60,143,76,0,0,0,0,0,55,19
0,0,0,0,265,265,265,0,0,0,0,0,290,290,48478,338,0,0,0,0,49,140,48,0,0,0,0,0,51,50
0,0,0,0,265,265,265,0,0,0,0,0,290,290,49142,332,0,0,0,0,41,135,55,0,0,0,0,0,48,53
0,0,0,0,255,265,265,0,0,0,0,0,290,290,49796,327,0,0,0,0,33,131,63,0,0,0,0,0,46,54
0,0,0,0,0,265,265,0,0,0,0,0,290,290,50436,320,0,0,0,0,0,136,72,0,0,0,0,0,55,57
0,0,0,0,0,265,265,0,0,0,0,0,290,290,51068,316,0,0,0,0,0,126,80,0,0,0,0,0,51,59
0,0,0,0,0,265,265,0,0,0,0,0,290,290,51696,314,0,0,0,0,0,117,89,0,0,0,0,0,46,62
0,0,0,0,0,265,265,0,0,0,0,0,290,290,52318,311,0,0,0,0,0,114,90,0,0,0,0,0,46,61
0,0,0,0,0,265,265,10,0,0,0,0,290,290,52932,307,0,0,0,0,0,107,95,0,0,0,0,0,44,61
0,0,0,0,0,265,265,106,0,0,0,0,290,290,53540,304,0,0,0,0,0,98,101,0,0,0,0,0,41,64
0,0,0,0,0,265,265,207,0,0,0,0,290,290,54148,304,0,0,0,0,0,90,109,0,0,0,0,0,37,68
0,0,0,0,0,265,265,265,0,0,0,0,290,290,54758,305,0,0,0,0,0,80,103,26,0,0,0,0,35,61
0,0,0,0,0,265,265,265,0,0,0,0,290,290,55366,304,0,0,0,0,0,71,108,31,0,0,0,0,32,62
0,0,0,0,0,265,265,265,0,0,0,0,290,290,55972,303,0,0,0,0,0,61,109,39,0,0,0,0,31,63
0,0,0,0,0,265,265,265,0,0,0,0,290,290,56576,302,0,0,0,0,0,54,110,45,0,0,0,0,29,64
0,0,0,0,0,265,265,265,0,0,0,0,290,290,57178,301,0,0,0,0,0,45,110,53,0,0,0,0,28,65
0,0,0,0,0,265,265,265,0,0,0,0,290,290,57776,299,0,0,0,0,0,39,109,59,0,0,0,0,27,65
0,0,0,0,0,195,265,265,0,0,0,0,220,290,58370,297,0,0,0,0,0,32,107,67,0,0,0,0,25,66
0,0,0,0,0,0,265,265,0,0,0,0,0,290,58912,271,0,0,0,0,0,0,125,77,0,0,0,0,0,69
0,0,0,0,0,0,265,265,0,0,0,0,0,290,59456,272,0,0,0,0,0,0,118,85,0,0,0,0,0,69
0,0,0,0,0,0,265,265,0,0,0,0,0,290,60002,273,0,0,0,0,0,0,113,91,0,0,0,0,0,69
0,0,0,0,0,0,265,265,0,0,0,0,0,290,60552,275,0,0,0,0,0,0,107,98,0,0,0,0,0,70
0,0,0,0,0,0,265,265,0,0,0,0,0,290,61098,273,0,0,0,0,0,0,100,104,0,0,0,0,0,69
0,0,0,0,0,0,265,265,75,0,0,0,0,290,61644,273,0,0,0,0,0,0,93,110,0,0,0,0,0,70
0,0,0,0,0,0,265,265,195,0,0,0,0,290,62188,272,0,0,0,0,0,0,86,116,0,0,0,0,0,70
0,0,0,0,0,0,265,265,265,0,0,0,0,290,62734,273,0,0,0,0,0,0,78,109,24,0,0,0,0,62
0,0,0,0,0,0,265,265,265,0,0,0,0,290,63274,270,0,0,0,0,0,0,68,114,27,0,0,0,0,61
0,0,0,0,0,0,265,265,265,0,0,0,0,290,63810,268,0,0,0,0,0,0,61,115,31,0,0,0,0,61
0,0,0,0,0,0,265,265,265,0,0,0,0,290,64342,266,0,0,0,0,0,0,53,116,37,0,0,0,0,60
0,0,0,0,0,0,265,265,265,0,0,0,0,290,64868,263,0,0,0,0,0,0,45,117,42,0,0,0,0,59
0,0,0,0,0,0,265,265,265,0,0,0,0,290,65394,263,0,0,0,0,0,0,39,118,47,0,0,0,0,59
0,0,0,0,0,0,265,265,265,0,0,0,0,290,65916,261,0,0,0,0,0,0,32,117,54,0,0,0,0,58
0,0,0,0,0,0,265,265,265,0,0,0,0,290,66436,260,0,0,0,0,0,0,26,115,61,0,0,0,0,58
0,0,0,0,0,0,265,265,265,17,0,0,0,290,66950,257,0,0,0,0,0,0,21,111,68,0,0,0,0,57
0,0,0,0,0,0,155,265,265,138,0,0,0,290,67464,257,0,0,0,0,0,0,17,106,77,0,0,0,0,57
0,0,0,0,0,0,0,265,265,216.5,0,0,0,290,67970,253,0,0,0,0,0,0,0,107,83,0,0,0,0,63
0,0,0,0,0,0,0,265,265,265,0,0,0,290,68484,257,0,0,0,0,0,0,0,98,70,29,0,0,0,60
0,0,0,0,0,0,0,265,265,265,0,0,0,290,69004,260,0,0,0,0,0,0,0,92,76,34,0,0,0,58
0,0,0,0,0,0,0,265,265,265,0,0,0,290,69520,258,0,0,0,0,0,0,0,84,79,38,0,0,0,57
0,0,0,0,0,0,0,265,265,265,0,0,0,290,70040,260,0,0,0,0,0,0,0,77,84,43,0,0,0,56
0,0,0,0,0,0,0,265,265,265,0,0,0,290,70560,260,0,0,0,0,0,0,0,71,87,49,0,0,0,53
0,0,0,0,0,0,0,265,265,265,0,0,0,290,71078,259,0,0,0,0,0,0,0,64,89,55,0,0,0,51
0,0,0,0,0,0,0,265,265,265,0,0,0,290,71592,257,0,0,0,0,0,0,0,57,89,61,0,0,0,50
0,0,0,0,0,0,0,265,265,265,0,0,0,290,72104,256,0,0,0,0,0,0,0,49,90,69,0,0,0,48
0,0,0,0,0,0,0,265,265,265,11,0,0,290,72612,254,0,0,0,0,0,0,0,43,89,75,0,0,0,47
0,0,0,0,0,0,0,265,265,265,132,0,0,290,73118,253,0,0,0,0,0,0,0,37,88,83,0,0,0,45
0,0,0,0,0,0,0,265,265,265,231.5,0,0,290,73614,248,0,0,0,0,0,0,0,30,85,89,2,0,0,42
0,0,0,0,0,0,0,145,265,265,265,0,0,290,74120,253,0,0,0,0,0,0,0,25,82,77,28,0,0,41
0,0,0,0,0,0,0,0,265,265,265,0,0,290,74612,246,0,0,0,0,0,0,0,0,84,82,33,0,0,47
0,0,0,0,0,0,0,0,265,265,265,0,0,290,75104,246,0,0,0,0,0,0,0,0,79,86,37,0,0,44
0,0,0,0,0,0,0,0,265,265,265,0,0,290,75596,246,0,0,0,0,0,0,0,0,73,90,42,0,0,41
0,0,0,0,0,0,0,0,265,265,265,0,0,290,76080,242,0,0,0,0,0,0,0,0,66,92,48,0,0,36
0,0,0,0,0,0,0,0,265,265,265,0,0,290,76562,241,0,0,0,0,0,0,0,0,60,93,53,0,0,35
0,0,0,0,0,0,0,0,265,265,265,0,0,290,77040,239,0,0,0,0,0,0,0,0,54,94,59,0,0,32
0,0,0,0,0,0,0,0,265,265,265,0,0,290,77516,238,0,0,0,0,0,0,0,0,48,94,66,0,0,30
0,0,0,0,0,0,0,0,265,265,265,52,0,290,77986,235,0,0,0,0,0,0,0,0,41,93,73,0,0,28
0,0,0,0,0,0,0,0,265,265,265,173,0,290,78452,233,0,0,0,0,0,0,0,0,34,92,81,0,0,26
0,0,0,0,0,0,0,0,265,265,265,263,0,290,78926,237,0,0,0,0,0,0,0,0,29,88,71,24,0,25
0,0,0,0,0,0,0,0,265,265,265,265,0,290,79394,234,0,0,0,0,0,0,0,0,23,86,74,27,0,24
0,0,0,0,0,0,0,0,265,265,265,265,0,290,79858,232,0,0,0,0,0,0,0,0,18,81,80,31,0,22
0,0,0,0,0,0,0,0,225,265,265,265,0,290,80324,233,0,0,0,0,0,0,0,0,14,77,84,36,0,22
0,0,0,0,0,0,0,0,0,265,265,265,0,290,80782,229,0,0,0,0,0,0,0,0,0,77,88,40,0,24
0,0,0,0,0,0,0,0,0,265,265,265,0,290,81238,228,0,0,0,0,0,0,0,0,0,71,89,46,0,22
0,0,0,0,0,0,0,0,0,265,265,265,0,290,81696,229,0,0,0,0,0,0,0,0,0,65,92,51,0,21
0,0,0,0,0,0,0,0,0,265,265,265,0,290,82146,225,0,0,0,0,0,0,0,0,0,58,91,57,0,19
0,0,0,0,0,0,0,0,0,265,265,265,0,290,82596,225,0,0,0,0,0,0,0,0,0,52,92,63,0,18
0,0,0,0,0,0,0,0,0,265,265,265,0,290,83040,222,0,0,0,0,0,0,0,0,0,46,90,69,0,17
0,0,0,0,0,0,0,0,0,265,265,265,0,290,83478,219,0,0,0,0,0,0,0,0,0,38,88,77,0,16
0,0,0,0,0,0,0,0,0,265,265,265,0,290,83914,218,0,0,0,0,0,0,0,0,0,33,86,83,0,16
0,0,0,0,0,0,0,0,0,265,265,265,0,290,84344,215,0,0,0,0,0,0,0,0,0,28,84,88,0,15
0,0,0,0,0,0,0,0,0,265,265,265,0,290,84774,215,0,0,0,0,0,0,0,0,0,24,81,95,0,15
0,0,0,0,0,0,0,0,0,245,265,265,0,270,85194,210,0,0,0,0,0,0,0,0,0,19,77,100,0,14
0,0,0,0,0,0,0,0,0,0,265,265,0,0,85596,201,0,0,0,0,0,0,0,0,0,0,94,107,0,0
0,0,0,0,0,0,0,0,0,0,265,265,0,0,85992,198,0,0,0,0,0,0,0,0,0,0,86,112,0,0
0,0,0,0,0,0,0,0,0,0,265,265,0,0,86378,193,0,0,0,0,0,0,0,0,0,0,79,114,0,0
0,0,0,0,0,0,0,0,0,0,265,265,0,0,86760,191,0,0,0,0,0,0,0,0,0,0,79,112,0,0
0,0,0,0,0,0,0,0,0,0,265,265,0,0,87134,187,0,0,0,0,0,0,0,0,0,0,76,111,0,0
0,0,0,0,0,0,0,0,0,0,265,265,0,0,87472,169,0,0,0,0,0,0,0,0,0,0,63,106,0,0
0,0,0,0,0,0,0,0,0,0,265,265,0,0,87778,153,0,0,0,0,0,0,0,0,0,0,51,102,0,0
0,0,0,0,0,0,0,0,0,0,265,265,0,0,88050,136,0,0,0,0,0,0,0,0,0,0,40,96,0,0
0,0,0,0,0,0,0,0,0,0,265,265,0,0,88302,126,0,0,0,0,0,0,0,0,0,0,35,91,0,0
0,0,0,0,0,0,0,0,0,0,265,265,0,0,88536,117,0,0,0,0,0,0,0,0,0,0,30,87,0,0
0,0,0,0,0,0,0,0,0,0,265,265,0,0,88746,105,0,0,0,0,0,0,0,0,0,0,27,78,0,0
0,0,0,0,0,0,0,0,0,0,0,265,0,0,88922,88,0,0,0,0,0,0,0,0,0,0,0,88,0,0
0,0,0,0,0,0,0,0,0,0,0,265,0,0,89082,80,0,0,0,0,0,0,0,0,0,0,0,80,0,0
0,0,0,0,0,0,0,0,0,0,0,265,0,0,89216,67,0,0,0,0,0,0,0,0,0,0,0,67,0,0
0,0,0,0,0,0,0,0,0,0,0,265,0,0,89316,50,0,0,0,0,0,0,0,0,0,0,0,50,0,0
0,0,0,0,0,0,0,0,0,0,0,265,0,0,89396,40,0,0,0,0,0,0,0,0,0,0,0,40,0,0
0,0,0,0,0,0,0,0,0,0,0,265,0,0,89454,29,0,0,0,0,0,0,0,0,0,0,0,29,0,0
0,0,0,0,0,0,0,0,0,0,0,265,0,0,89486,16,0,0,0,0,0,0,0,0,0,0,0,16,0,0
0,0,0,0,0,0,0,0,0,0,0,265,0,0,89508,11,0,0,0,0,0,0,0,0,0,0,0,11,0,0
0,0,0,0,0,0,0,0,0,0,0,265,0,0,89530,11,0,0,0,0,0,0,0,0,0,0,0,11,0,0
0,0,0,0,0,0,0,0,0,0,0,265,0,0,89552,11,0,0,0,0,0,0,0,0,0,0,0,11,0,0
0,0,0,0,0,0,0,0,0,0,0,245,0,0,89574,11,0,0,0,0,0,0,0,0,0,0,0,11,0,0
0,0,0,0,0,0,0,0,0,0,0,0,0,0,89586,6,0,0,0,0,0,0,0,0,0,0,0,6,0,0
0,0,0,0,0,0,0,0,0,0,0,0,0,0,89586,0,0,0,0,0,0,0,0,0,0,0,0,0,0,0
0,0,0,0,0,0,0,0,0,0,0,0,0,0,89586,0,0,0,0,0,0,0,0,0,0,0,0,0,0,0
0,0,0,0,0,0,0,0,0,0,0,0,0,0,89586,0,0,0,0,0,0,0,0,0,0,0,0,0,0,0
0,0,0,0,0,0,0,0,0,0,0,0,0,0,89586,0,0,0,0,0,0,0,0,0,0,0,0,0,0,0
0,0,0,0,0,0,0,0,0,0,0,0,0,0,89586,0,0,0,0,0,0,0,0,0,0,0,0,0,0,0
0,0,0,0,0,0,0,0,0,0,0,0,0,0,89586,0,0,0,0,0,0,0,0,0,0,0,0,0,0,0
0,0,0,0,0,0,0,0,0,0,0,0,0,0,89586,0,0,0,0,0,0,0,0,0,0,0,0,0,0,0
0,0,0,0,0,0,0,0,0,0,0,0,0,0,89586,0,0,0,0,0,0,0,0,0,0,0,0,0,0,0
0,0,0,0,0,0,0,0,0,0,0,0,0,0,89586,0,0,0,0,0,0,0,0,0,0,0,0,0,0,0
0,0,0,0,0,0,0,0,0,0,0,0,0,0,89586,0,0,0,0,0,0,0,0,0,0,0,0,0,0,0
0,0,0,0,0,0,0,0,0,0,0,0,0,0,89586,0,0,0,0,0,0,0,0,0,0,0,0,0,0,0
0,0,0,0,0,0,0,0,0,0,0,0,0,0,89586,0,0,0,0,0,0,0,0,0,0,0,0,0,0,0
0,0,0,0,0,0,0,0,0,0,0,0,0,0,89586,0,0,0,0,0,0,0,0,0,0,0,0,0,0,0
0,0,0,0,0,0,0,0,0,0,0,0,0,0,89586,0,0,0,0,0,0,0,0,0,0,0,0,0,0,0
0,0,0,0,0,0,0,0,0,0,0,0,0,0,89586,0,0,0,0,0,0,0,0,0,0,0,0,0,0,0
0,0,0,0,0,0,0,0,0,0,0,0,0,0,89586,0,0,0,0,0,0,0,0,0,0,0,0,0,0,0
0,0,0,0,0,0,0,0,0,0,0,0,0,0,89586,0,0,0,0,0,0,0,0,0,0,0,0,0,0,0
0,0,0,0,0,0,0,0,0,0,0,0,0,0,89586,0,0,0,0,0,0,0,0,0,0,0,0,0,0,0
0,0,0,0,0,0,0,0,0,0,0,0,0,0,89586,0,0,0,0,0,0,0,0,0,0,0,0,0,0,0
0,0,0,0,0,0,0,0,0,0,0,0,0,0,0,0,0,0,0,0,0,0,0,0,0,0,0,0,0,0
0,0,60,0,0,0,0,0,0,0,0,0,0,0,76,38,0,0,38,0,0,0,0,0,0,0,0,0,0,0
0,0,155,0,0,0,0,0,0,0,0,0,0,0,310,117,0,0,117,0,0,0,0,0,0,0,0,0,0,0
0,0,224.75,0,0,0,0,0,0,0,0,0,0,0,672,181,0,0,181,0,0,0,0,0,0,0,0,0,0,0
0,0,222.75,0,0,0,0,0,0,0,0,0,0,0,1042,185,0,0,185,0,0,0,0,0,0,0,0,0,0,0
0,0,221.25,0,0,0,0,0,0,0,0,0,0,0,1420,189,0,0,189,0,0,0,0,0,0,0,0,0,0,0
0,0,220.25,0,0,0,0,0,0,0,0,0,0,0,1802,191,0,0,191,0,0,0,0,0,0,0,0,0,0,0
0,0,220.25,0,0,0,0,0,0,0,0,0,0,0,2184,191,0,0,191,0,0,0,0,0,0,0,0,0,0,0
0,0,218,0,0,0,0,0,0,0,0,0,0,0,2578,197,0,0,197,0,0,0,0,0,0,0,0,0,0,0
0,0,214,0,0,0,0,0,0,0,0,0,0,0,2990,206,0,0,206,0,0,0,0,0,0,0,0,0,0,0
0,0,200.25,0,0,0,0,0,0,0,0,0,0,0,3406,208,0,0,208,0,0,0,0,0,0,0,0,0,0,0
0,0,188,0,0,0,0,0,0,0,0,0,0,0,3822,208,0,0,208,0,0,0,0,0,0,0,0,0,0,0
0,0,176.5,0,0,0,0,0,0,0,0,0,0,0,4238,208,0,0,208,0,0,0,0,0,0,0,0,0,0,0
0,0,166.5,0,0,0,0,0,0,0,0,0,4,0,4654,208,0,0,208,0,0,0,0,0,0,0,0,0,0,0
0,0,158.75,0,0,0,0,0,0,0,0,0,110.5,0,5080,213,0,0,208,0,0,0,0,0,0,0,0,0,5,0
0,0,167.5,0,0,0,0,0,0,0,0,0,221,0,5596,258,0,0,208,0,0,0,0,0,0,0,0,0,50,0
0,0,168.5,0,0,0,0,0,0,0,0,0,290,0,6176,290,0,0,208,0,0,0,0,0,0,0,0,0,82,0
0,0,163.75,46.75,0,0,0,0,0,0,0,0,290,0,6770,297,0,0,208,0,0,0,0,0,0,0,0,0,89,0
0,0,159.5,145,0,0,0,0,0,0,0,0,290,0,7374,302,0,0,208,0,0,0,0,0,0,0,0,0,94,0
0,0,159.75,243.75,0,0,0,0,0,0,0,0,290,0,8006,316,0,0,208,46,0,0,0,0,0,0,0,0,62,0
0,0,159.75,265,0,0,0,0,0,0,0,0,290,0,8698,346,0,0,208,82,0,0,0,0,0,0,0,0,56,0
0,0,159.25,265,0,0,0,0,0,0,0,0,290,0,9410,356,0,0,208,89,0,0,0,0,0,0,0,0,59,0
0,0,159,265,0,0,0,0,0,0,0,0,290,0,10148,369,0,0,208,101,0,0,0,0,0,0,0,0,60,0
0,0,160,265,0,0,0,0,0,0,0,0,290,0,10908,380,0,0,208,110,0,0,0,0,0,0,0,0,62,0
0,0,161.5,265,0,0,0,0,0,0,0,0,290,0,11696,394,0,0,208,121,0,0,0,0,0,0,0,0,65,0
0,0,164,265,0,0,0,0,0,0,0,0,290,0,12512,408,0,0,208,132,0,0,0,0,0,0,0,0,68,0
0,0,168,265,0,0,0,0,0,0,0,0,290,0,13354,421,0,0,208,143,0,0,0,0,0,0,0,0,70,0
0,0,173.5,265,0,0,0,0,0,0,0,0,290,0,14226,436,0,0,208,154,0,0,0,0,0,0,0,0,74,0
0,0,183.5,265,0,0,0,0,0,0,0,0,290,0,15134,454,0,0,208,168,0,0,0,0,0,0,0,0,78,0
0,0,194.5,265,0,0,0,0,0,0,0,0,290,0,16068,467,0,0,208,178,0,0,0,0,0,0,0,0,81,0
0,0,208.5,265,47,0,0,0,0,0,0,0,290,0,17030,481,0,0,208,187,0,0,0,0,0,0,0,0,86,0
0,0,224.75,265,147,0,0,0,0,0,0,0,290,0,18016,493,0,0,208,196,0,0,0,0,0,0,0,0,89,0
0,0,229.75,265,248,0,0,0,0,0,0,0,290,0,19000,492,0,0,192,192,30,0,0,0,0,0,0,0,78,0
0,0,234.25,265,265,0,0,0,0,0,0,0,290,0,20002,501,0,0,177,191,56,0,0,0,0,0,0,0,77,0
0,0,238,265,265,0,0,0,0,0,0,0,290,0,20970,484,0,0,167,187,55,0,0,0,0,0,0,0,75,0
0,0,240,265,265,0,0,0,0,0,0,0,290,0,21922,476,0,0,152,187,61,0,0,0,0,0,0,0,76,0
0,0,240,265,265,0,0,0,0,0,0,0,290,0,22866,472,0,0,135,189,70,0,0,0,0,0,0,0,78,0
0,0,240,265,265,0,0,0,0,0,0,0,290,0,23800,467,0,0,118,190,79,0,0,0,0,0,0,0,80,0
0,0,240,265,265,0,0,0,0,0,0,0,290,0,24730,465,0,0,102,190,91,0,0,0,0,0,0,0,82,0
0,0,110,265,265,0,0,0,0,0,0,0,290,0,25656,463,0,0,88,189,102,0,0,0,0,0,0,0,84,0
0,0,0,265,265,0,0,0,0,0,0,0,290,0,26472,408,0,0,0,206,114,0,0,0,0,0,0,0,88,0
0,0,0,265,265,0,0,0,0,0,0,0,290,0,27306,417,0,0,0,202,126,0,0,0,0,0,0,0,89,0
0,0,0,265,265,0,0,0,0,0,0,0,290,0,28154,424,0,0,0,196,137,0,0,0,0,0,0,0,91,0
0,0,0,265,265,0,0,0,0,0,0,0,290,0,29010,428,0,0,0,190,146,0,0,0,0,0,0,0,92,0
0,0,0,265,265,58,0,0,0,0,0,0,290,0,29870,430,0,0,0,181,156,0,0,0,0,0,0,0,93,0
0,0,0,265,265,159,0,0,0,0,0,0,290,0,30724,427,0,0,0,168,165,0,0,0,0,0,0,0,94,0
0,0,0,265,265,265,0,0,0,0,0,0,290,0,31578,427,0,0,0,156,161,26,0,0,0,0,0,0,84,0
0,0,0,265,265,265,0,0,0,0,0,0,290,0,32422,422,0,0,0,142,168,29,0,0,0,0,0,0,83,0
0,0,0,265,265,265,0,0,0,0,0,0,290,0,33256,417,0,0,0,127,173,35,0,0,0,0,0,0,82,0
0,0,0,265,265,265,0,0,0,0,0,0,290,0,34074,409,0,0,0,113,176,39,0,0,0,0,0,0,81,0
0,0,0,265,265,265,0,0,0,0,0,0,290,0,34878,402,0,0,0,99,178,46,0,0,0,0,0,0,79,0
0,0,0,265,265,265,0,0,0,0,0,0,290,0,35672,397,0,0,0,86,181,52,0,0,0,0,0,0,78,0
0,0,0,265,265,265,0,0,0,0,0,0,290,0,36464,396,0,0,0,72,183,65,0,0,0,0,0,0,76,0
0,0,0,265,265,265,0,0,0,0,0,0,290,0,37260,398,0,0,0,55,183,84,0,0,0,0,0,0,76,0
0,0,0,265,265,265,0,0,0,0,0,0,290,0,38052,396,0,0,0,40,175,105,0,0,0,0,0,0,76,0
0,0,0,175,265,265,0,0,0,0,0,0,290,0,38832,390,0,0,0,31,163,120,0,0,0,0,0,0,76,0
0,0,0,0,265,265,0,0,0,0,0,0,290,0,39596,382,0,0,0,0,165,131,0,0,0,0,0,0,86,0
0,0,0,0,265,265,0,0,0,0,0,0,290,0,40350,377,0,0,0,0,154,140,0,0,0,0,0,0,83,0
0,0,0,0,265,265,0,0,0,0,0,0,290,0,41092,371,0,0,0,0,142,150,0,0,0,0,0,0,79,0
0,0,0,0,265,265,0,0,0,0,0,0,290,0,41824,366,0,0,0,0,132,158,0,0,0,0,0,0,76,0
0,0,0,0,265,265,0,0,0,0,0,0,290,0,42542,359,0,0,0,0,121,164,0,0,0,0,0,0,74,0
0,0,0,0,265,265,79,0,0,0,0,0,290,0,43242,350,0,0,0,0,109,170,0,0,0,0,0,0,71,0
0,0,0,0,265,265,191,0,0,0,0,0,290,0,43938,348,0,0,0,0,97,168,15,0,0,0,0,0,68,0
0,0,0,0,265,265,265,0,0,0,0,0,290,0,44660,361,0,0,0,0,85,150,63,0,0,0,0,0,63,0
0,0,0,0,265,265,265,0,0,0,0,0,290,104,45376,358,0,0,0,0,75,151,72,0,0,0,0,0,60,0
0,0,0,0,265,265,265,0,0,0,0,0,290,227,46080,352,0,0,0,0,64,151,80,0,0,0,0,0,57,0
0,0,0,0,265,265,265,0,0,0,0,0,290,290,46786,353,0,0,0,0,55,145,48,0,0,0,0,0,55,50
0,0,0,0,265,265,265,0,0,0,0,0,290,290,47482,348,0,0,0,0,43,142,58,0,0,0,0,0,52,53
0,0,0,0,265,265,265,0,0,0,0,0,290,290,48162,340,0,0,0,0,36,137,65,0,0,0,0,0,48,54
0,0,0,0,75,265,265,0,0,0,0,0,290,290,48822,330,0,0,0,0,0,141,74,0,0,0,0,0,58,57
0,0,0,0,0,265,265,0,0,0,0,0,290,290,49474,326,0,0,0,0,0,133,81,0,0,0,0,0,52,60
0,0,0,0,0,265,265,0,0,0,0,0,290,290,50124,325,0,0,0,0,0,124,90,0,0,0,0,0,47,64
0,0,0,0,0,265,265,0,0,0,0,0,290,290,50772,324,0,0,0,0,0,120,93,0,0,0,0,0,49,62
0,0,0,0,0,265,265,16.5,0,0,0,0,290,290,51414,321,0,0,0,0,0,115,97,0,0,0,0,0,47,62
0,0,0,0,0,265,265,127,0,0,0,0,290,290,52046,316,0,0,0,0,0,104,104,0,0,0,0,0,43,65
0,0,0,0,0,265,265,228,0,0,0,0,290,290,52676,315,0,0,0,0,0,95,111,0,0,0,0,0,40,69
0,0,0,0,0,265,265,265,0,0,0,0,290,290,53308,316,0,0,0,0,0,85,106,26,0,0,0,0,37,62
0,0,0,0,0,265,265,265,0,0,0,0,290,290,53940,316,0,0,0,0,0,76,111,31,0,0,0,0,34,64
0,0,0,0,0,265,265,265,0,0,0,0,290,290,54568,314,0,0,0,0,0,65,114,39,0,0,0,0,32,64
0,0,0,0,0,265,265,265,0,0,0,0,290,290,55194,313,0,0,0,0,0,56,115,45,0,0,0,0,31,66
0,0,0,0,0,265,265,265,0,0,0,0,290,290,55816,311,0,0,0,0,0,48,115,53,0,0,0,0,29,66
0,0,0,0,0,265,265,265,0,0,0,0,290,290,56434,309,0,0,0,0,0,41,114,59,0,0,0,0,28,67
0,0,0,0,0,185,265,265,0,0,0,0,210,290,57050,308,0,0,0,0,0,35,112,67,0,0,0,0,27,67
0,0,0,0,0,0,265,265,0,0,0,0,0,290,57604,277,0,0,0,0,0,0,129,77,0,0,0,0,0,71
0,0,0,0,0,0,265,265,0,0,0,0,0,290,58166,281,0,0,0,0,0,0,124,85,0,0,0,0,0,72
0,0,0,0,0,0,265,265,0,0,0,0,0,290,58732,283,0,0,0,0,0,0,119,93,0,0,0,0,0,71
0,0,0,0,0,0,265,265,0,0,0,0,0,290,59296,282,0,0,0,0,0,0,112,99,0,0,0,0,0,71
0,0,0,0,0,0,265,265,1.5,0,0,0,0,290,59860,282,0,0,0,0,0,0,105,105,0,0,0,0,0,72
0,0,0,0,0,0,265,265,103,0,0,0,0,290,60420,280,0,0,0,0,0,0,98,111,0,0,0,0,0,71
0,0,0,0,0,0,265,265,196,0,0,0,0,290,60978,279,0,0,0,0,0,0,90,118,0,0,0,0,0,71
0,0,0,0,0,0,265,265,265,0,0,0,0,290,61540,281,0,0,0,0,0,0,81,113,24,0,0,0,0,63
0,0,0,0,0,0,265,265,265,0,0,0,0,290,62100,280,0,0,0,0,0,0,73,116,27,0,0,0,0,64
0,0,0,0,0,0,265,265,265,0,0,0,0,290,62654,277,0,0,0,0,0,0,65,118,32,0,0,0,0,62
0,0,0,0,0,0,265,265,265,0,0,0,0,290,63200,273,0,0,0,0,0,0,56,118,37,0,0,0,0,62
0,0,0,0,0,0,265,265,265,0,0,0,0,290,63744,272,0,0,0,0,0,0,49,120,42,0,0,0,0,61
0,0,0,0,0,0,265,265,265,0,0,0,0,290,64282,269,0,0,0,0,0,0,42,120,47,0,0,0,0,60
0,0,0,0,0,0,265,265,265,0,0,0,0,290,64818,268,0,0,0,0,0,0,33,121,54,0,0,0,0,60
0,0,0,0,0,0,265,265,265,0,0,0,0,290,65354,268,0,0,0,0,0,0,29,118,61,0,0,0,0,60
0,0,0,0,0,0,265,265,265,48,0,0,0,290,65886,266,0,0,0,0,0,0,23,115,69,0,0,0,0,59
0,0,0,0,0,0,165,265,265,153.5,0,0,0,290,66420,267,0,0,0,0,0,0,20,111,77,0,0,0,0,59
0,0,0,0,0,0,0,265,265,260,0,0,0,290,66940,260,0,0,0,0,0,0,0,109,66,22,0,0,0,63
0,0,0,0,0,0,0,265,265,265,0,0,0,290,67472,266,0,0,0,0,0,0,0,103,72,29,0,0,0,62
0,0,0,0,0,0,0,265,265,265,0,0,0,290,68004,266,0,0,0,0,0,0,0,96,76,34,0,0,0,60
0,0,0,0,0,0,0,265,265,265,0,0,0,290,68536,266,0,0,0,0,0,0,0,88,82,37,0,0,0,59
0,0,0,0,0,0,0,265,265,265,0,0,0,290,69068,266,0,0,0,0,0,0,0,81,85,43,0,0,0,57
0,0,0,0,0,0,0,265,265,265,0,0,0,290,69600,266,0,0,0,0,0,0,0,74,88,49,0,0,0,55
0,0,0,0,0,0,0,265,265,265,0,0,0,290,70130,265,0,0,0,0,0,0,0,66,90,55,0,0,0,54
0,0,0,0,0,0,0,265,265,265,0,0,0,290,70656,263,0,0,0,0,0,0,0,59,91,61,0,0,0,52
0,0,0,0,0,0,0,265,265,265,0,0,0,290,71182,263,0,0,0,0,0,0,0,52,92,69,0,0,0,50
0,0,0,0,0,0,0,265,265,265,36,0,0,290,71704,261,0,0,0,0,0,0,0,45,91,77,0,0,0,48
0,0,0,0,0,0,0,265,265,265,137,0,0,290,72222,259,0,0,0,0,0,0,0,39,90,84,0,0,0,46
0,0,0,0,0,0,0,265,265,265,233.5,0,0,290,72734,256,0,0,0,0,0,0,0,33,87,89,3,0,0,44
0,0,0,0,0,0,0,145,265,265,265,0,0,290,73256,261,0,0,0,0,0,0,0,27,84,77,30,0,0,43
0,0,0,0,0,0,0,0,265,265,265,0,0,290,73758,251,0,0,0,0,0,0,0,0,87,83,33,0,0,48
0,0,0,0,0,0,0,0,265,265,265,0,0,290,74260,251,0,0,0,0,0,0,0,0,81,88,37,0,0,45
0,0,0,0,0,0,0,0,265,265,265,0,0,290,74762,251,0,0,0,0,0,0,0,0,75,92,42,0,0,42
0,0,0,0,0,0,0,0,265,265,265,0,0,290,75262,250,0,0,0,0,0,0,0,0,69,95,48,0,0,38
0,0,0,0,0,0,0,0,265,265,265,0,0,290,75758,248,0,0,0,0,0,0,0,0,63,96,53,0,0,36
0,0,0,0,0,0,0,0,265,265,265,0,0,290,76250,246,0,0,0,0,0,0,0,0,56,97,60,0,0,33
0,0,0,0,0,0,0,0,265,265,265,0,0,290,76738,244,0,0,0,0,0,0,0,0,50,96,66,0,0,32
0,0,0,0,0,0,0,0,265,265,265,36,0,290,77220,241,0,0,0,0,0,0,0,0,42,95,75,0,0,29
0,0,0,0,0,0,0,0,265,265,265,142,0,290,77700,240,0,0,0,0,0,0,0,0,37,94,82,0,0,27
0,0,0,0,0,0,0,0,265,265,265,238.5,0,290,78180,240,0,0,0,0,0,0,0,0,30,92,86,6,0,26
0,0,0,0,0,0,0,0,265,265,265,265,0,290,78660,240,0,0,0,0,0,0,0,0,24,88,75,28,0,25
0,0,0,0,0,0,0,0,265,265,265,265,0,290,79140,240,0,0,0,0,0,0,0,0,20,85,80,32,0,23
0,0,0,0,0,0,0,0,265,265,265,265,0,290,79616,238,0,0,0,0,0,0,0,0,16,80,85,35,0,22
0,0,0,0,0,0,0,0,85,265,265,265,0,290,80092,238,0,0,0,0,0,0,0,0,2,82,89,40,0,25
0,0,0,0,0,0,0,0,0,265,265,265,0,290,80560,234,0,0,0,0,0,0,0,0,0,74,92,46,0,22
0,0,0,0,0,0,0,0,0,265,265,265,0,290,81026,233,0,0,0,0,0,0,0,0,0,67,93,51,0,22
0,0,0,0,0,0,0,0,0,265,265,265,0,290,81488,231,0,0,0,0,0,0,0,0,0,61,94,57,0,19
0,0,0,0,0,0,0,0,0,265,265,265,0,290,81948,230,0,0,0,0,0,0,0,0,0,54,94,63,0,19
0,0,0,0,0,0,0,0,0,265,265,265,0,290,82404,228,0,0,0,0,0,0,0,0,0,47,93,70,0,18
0,0,0,0,0,0,0,0,0,265,265,265,0,290,82856,226,0,0,0,0,0,0,0,0,0,40,92,77,0,17
0,0,0,0,0,0,0,0,0,265,265,265,0,290,83302,223,0,0,0,0,0,0,0,0,0,35,89,83,0,16
0,0,0,0,0,0,0,0,0,265,265,265,0,290,83748,223,0,0,0,0,0,0,0,0,0,30,87,90,0,16
0,0,0,0,0,0,0,0,0,265,265,265,0,290,84188,220,0,0,0,0,0,0,0,0,0,25,84,96,0,15
0,0,0,0,0,0,0,0,0,245,265,265,0,270,84618,215,0,0,0,0,0,0,0,0,0,19,79,102,0,15
0,0,0,0,0,0,0,0,0,0,265,265,0,0,85030,206,0,0,0,0,0,0,0,0,0,0,96,109,0,1
0,0,0,0,0,0,0,0,0,0,265,265,0,0,85432,201,0,0,0,0,0,0,0,0,0,0,88,113,0,0
0,0,0,0,0,0,0,0,0,0,265,265,0,0,85828,198,0,0,0,0,0,0,0,0,0,0,82,116,0,0
0,0,0,0,0,0,0,0,0,0,265,265,0,0,86220,196,0,0,0,0,0,0,0,0,0,0,82,114,0,0
0,0,0,0,0,0,0,0,0,0,265,265,0,0,86602,191,0,0,0,0,0,0,0,0,0,0,78,113,0,0
0,0,0,0,0,0,0,0,0,0,265,265,0,0,86952,175,0,0,0,0,0,0,0,0,0,0,65,110,0,0
0,0,0,0,0,0,0,0,0,0,265,265,0,0,87266,157,0,0,0,0,0,0,0,0,0,0,53,104,0,0
0,0,0,0,0,0,0,0,0,0,265,265,0,0,87544,139,0,0,0,0,0,0,0,0,0,0,41,98,0,0
0,0,0,0,0,0,0,0,0,0,265,265,0,0,87806,131,0,0,0,0,0,0,0,0,0,0,36,95,0,0
0,0,0,0,0,0,0,0,0,0,265,265,0,0,88046,120,0,0,0,0,0,0,0,0,0,0,31,89,0,0
0,0,0,0,0,0,0,0,0,0,225,265,0,0,88264,109,0,0,0,0,0,0,0,0,0,0,28,81,0,0
0,0,0,0,0,0,0,0,0,0,0,265,0,0,88450,93,0,0,0,0,0,0,0,0,0,0,0,93,0,0
0,0,0,0,0,0,0,0,0,0,0,265,0,0,88616,83,0,0,0,0,0,0,0,0,0,0,0,83,0,0
0,0,0,0,0,0,0,0,0,0,0,265,0,0,88760,72,0,0,0,0,0,0,0,0,0,0,0,72,0,0
0,0,0,0,0,0,0,0,0,0,0,265,0,0,88872,56,0,0,0,0,0,0,0,0,0,0,0,56,0,0
0,0,0,0,0,0,0,0,0,0,0,265,0,0,88960,44,0,0,0,0,0,0,0,0,0,0,0,44,0,0
0,0,0,0,0,0,0,0,0,0,0,265,0,0,89024,32,0,0,0,0,0,0,0,0,0,0,0,32,0,0
0,0,0,0,0,0,0,0,0,0,0,265,0,0,89056,16,0,0,0,0,0,0,0,0,0,0,0,16,0,0
0,0,0,0,0,0,0,0,0,0,0,265,0,0,89078,11,0,0,0,0,0,0,0,0,0,0,0,11,0,0
0,0,0,0,0,0,0,0,0,0,0,265,0,0,89100,11,0,0,0,0,0,0,0,0,0,0,0,11,0,0
0,0,0,0,0,0,0,0,0,0,0,265,0,0,89122,11,0,0,0,0,0,0,0,0,0,0,0,11,0,0
0,0,0,0,0,0,0,0,0,0,0,235,0,0,89144,11,0,0,0,0,0,0,0,0,0,0,0,11,0,0
0,0,0,0,0,0,0,0,0,0,0,0,0,0,89162,9,0,0,0,0,0,0,0,0,0,0,0,9,0,0
0,0,0,0,0,0,0,0,0,0,0,0,0,0,89162,0,0,0,0,0,0,0,0,0,0,0,0,0,0,0
0,0,0,0,0,0,0,0,0,0,0,0,0,0,89162,0,0,0,0,0,0,0,0,0,0,0,0,0,0,0
0,0,0,0,0,0,0,0,0,0,0,0,0,0,89162,0,0,0,0,0,0,0,0,0,0,0,0,0,0,0
0,0,0,0,0,0,0,0,0,0,0,0,0,0,89162,0,0,0,0,0,0,0,0,0,0,0,0,0,0,0
0,0,0,0,0,0,0,0,0,0,0,0,0,0,89162,0,0,0,0,0,0,0,0,0,0,0,0,0,0,0
0,0,0,0,0,0,0,0,0,0,0,0,0,0,89162,0,0,0,0,0,0,0,0,0,0,0,0,0,0,0
0,0,0,0,0,0,0,0,0,0,0,0,0,0,89162,0,0,0,0,0,0,0,0,0,0,0,0,0,0,0
0,0,0,0,0,0,0,0,0,0,0,0,0,0,89162,0,0,0,0,0,0,0,0,0,0,0,0,0,0,0
0,0,0,0,0,0,0,0,0,0,0,0,0,0,89162,0,0,0,0,0,0,0,0,0,0,0,0,0,0,0
0,0,0,0,0,0,0,0,0,0,0,0,0,0,89162,0,0,0,0,0,0,0,0,0,0,0,0,0,0,0
0,0,0,0,0,0,0,0,0,0,0,0,0,0,89162,0,0,0,0,0,0,0,0,0,0,0,0,0,0,0
0,0,0,0,0,0,0,0,0,0,0,0,0,0,89162,0,0,0,0,0,0,0,0,0,0,0,0,0,0,0
0,0,0,0,0,0,0,0,0,0,0,0,0,0,89162,0,0,0,0,0,0,0,0,0,0,0,0,0,0,0
0,0,0,0,0,0,0,0,0,0,0,0,0,0,89162,0,0,0,0,0,0,0,0,0,0,0,0,0,0,0
0,0,0,0,0,0,0,0,0,0,0,0,0,0,89162,0,0,0,0,0,0,0,0,0,0,0,0,0,0,0
0,0,0,0,0,0,0,0,0,0,0,0,0,0,89162,0,0,0,0,0,0,0,0,0,0,0,0,0,0,0
0,0,0,0,0,0,0,0,0,0,0,0,0,0,89162,0,0,0,0,0,0,0,0,0,0,0,0,0,0,0
0,0,0,0,0,0,0,0,0,0,0,0,0,0,89162,0,0,0,0,0,0,0,0,0,0,0,0,0,0,0
0,0,0,0,0,0,0,0,0,0,0,0,0,0,0,0,0,0,0,0,0,0,0,0,0,0,0,0,0,0
0,0,99.5,0,0,0,0,0,0,0,0,0,0,0,134,67,0,0,67,0,0,0,0,0,0,0,0,0,0,0
0,0,181,0,0,0,0,0,0,0,0,0,0,0,406,136,0,0,136,0,0,0,0,0,0,0,0,0,0,0
0,0,226.25,0,0,0,0,0,0,0,0,0,0,0,764,179,0,0,179,0,0,0,0,0,0,0,0,0,0,0
0,0,223.75,0,0,0,0,0,0,0,0,0,0,0,1130,183,0,0,183,0,0,0,0,0,0,0,0,0,0,0
0,0,222.25,0,0,0,0,0,0,0,0,0,0,0,1504,187,0,0,187,0,0,0,0,0,0,0,0,0,0,0
0,0,221.5,0,0,0,0,0,0,0,0,0,0,0,1882,189,0,0,189,0,0,0,0,0,0,0,0,0,0,0
0,0,221.25,0,0,0,0,0,0,0,0,0,0,0,2262,190,0,0,190,0,0,0,0,0,0,0,0,0,0,0
0,0,218.25,0,0,0,0,0,0,0,0,0,0,0,2656,197,0,0,197,0,0,0,0,0,0,0,0,0,0,0
0,0,214.75,0,0,0,0,0,0,0,0,0,0,0,3066,205,0,0,205,0,0,0,0,0,0,0,0,0,0,0
0,0,202.25,0,0,0,0,0,0,0,0,0,0,0,3482,208,0,0,208,0,0,0,0,0,0,0,0,0,0,0
0,0,189.75,0,0,0,0,0,0,0,0,0,0,0,3898,208,0,0,208,0,0,0,0,0,0,0,0,0,0,0
0,0,177.75,0,0,0,0,0,0,0,0,0,0,0,4314,208,0,0,208,0,0,0,0,0,0,0,0,0,0,0
0,0,167.75,0,0,0,0,0,0,0,0,0,0,0,4730,208,0,0,208,0,0,0,0,0,0,0,0,0,0,0
0,0,160.5,0,0,0,0,0,0,0,0,0,109.5,0,5154,212,0,0,208,0,0,0,0,0,0,0,0,0,4,0
0,0,168.5,0,0,0,0,0,0,0,0,0,220,0,5668,257,0,0,208,0,0,0,0,0,0,0,0,0,49,0
0,0,168.75,0,0,0,0,0,0,0,0,0,284,0,6242,287,0,0,208,0,0,0,0,0,0,0,0,0,79,0
0,0,163,28,0,0,0,0,0,0,0,0,279.5,0,6820,289,0,0,208,0,0,0,0,0,0,0,0,0,81,0
0,0,158.25,124,0,0,0,0,0,0,0,0,275.5,0,7404,292,0,0,208,0,0,0,0,0,0,0,0,0,84,0
0,0,158.5,215.25,0,0,0,0,0,0,0,0,284.5,0,8026,311,0,0,208,23,0,0,0,0,0,0,0,0,80,0
0,0,159.75,265,0,0,0,0,0,0,0,0,290,0,8716,345,0,0,208,81,0,0,0,0,0,0,0,0,56,0
0,0,159,265,0,0,0,0,0,0,0,0,290,0,9424,354,0,0,208,89,0,0,0,0,0,0,0,0,57,0
0,0,159.5,265,0,0,0,0,0,0,0,0,290,0,10160,368,0,0,208,101,0,0,0,0,0,0,0,0,59,0
0,0,160,265,0,0,0,0,0,0,0,0,290,0,10920,380,0,0,208,110,0,0,0,0,0,0,0,0,62,0
0,0,161.5,265,0,0,0,0,0,0,0,0,290,0,11706,393,0,0,208,121,0,0,0,0,0,0,0,0,64,0
0,0,164,265,0,0,0,0,0,0,0,0,290,0,12518,406,0,0,208,131,0,0,0,0,0,0,0,0,67,0
0,0,168,264.25,0,0,0,0,0,0,0,0,290,0,13356,419,0,0,208,141,0,0,0,0,0,0,0,0,70,0
0,0,173.75,263,0,0,0,0,0,0,0,0,290,0,14224,434,0,0,208,151,0,0,0,0,0,0,0,0,75,0
0,0,182.75,260.75,0,0,0,0,0,0,0,0,290,0,15116,446,0,0,208,160,0,0,0,0,0,0,0,0,78,0
0,0,194,259,0,0,0,0,0,0,0,0,289,0,16032,458,0,0,208,168,0,0,0,0,0,0,0,0,82,0
0,0,206.75,257.5,55,0,0,0,0,0,0,0,287,0,16970,469,0,0,208,176,0,0,0,0,0,0,0,0,85,0
0,0,223.5,256.5,158,0,0,0,0,0,0,0,286,0,17930,480,0,0,208,185,0,0,0,0,0,0,0,0,87,0
0,0,229.25,257.25,258.5,0,0,0,0,0,0,0,287.5,0,18904,487,0,0,192,176,41,0,0,0,0,0,0,0,78,0
0,0,233.75,257.25,265,0,0,0,0,0,0,0,287,0,19890,493,0,0,177,181,59,0,0,0,0,0,0,0,76,0
0,0,237.75,259,265,0,0,0,0,0,0,0,289,0,20850,480,0,0,167,178,59,0,0,0,0,0,0,0,76,0
0,0,240,259.75,265,0,0,0,0,0,0,0,289,0,21788,469,0,0,153,179,61,0,0,0,0,0,0,0,76,0
0,0,240,260,265,0,0,0,0,0,0,0,288.5,0,22718,465,0,0,134,183,71,0,0,0,0,0,0,0,77,0
0,0,240,260.75,265,0,0,0,0,0,0,0,288,0,23644,463,0,0,118,187,80,0,0,0,0,0,0,0,78,0
0,0,240,262,265,0,0,0,0,0,0,0,288,0,24568,462,0,0,104,188,91,0,0,0,0,0,0,0,79,0
0,0,0,262.75,265,0,0,0,0,0,0,0,287.5,0,25470,451,0,0,75,191,104,0,0,0,0,0,0,0,81,0
0,0,0,256.75,265,0,0,0,0,0,0,0,284,0,26268,399,0,0,0,199,117,0,0,0,0,0,0,0,83,0
0,0,0,258.75,265,0,0,0,0,0,0,0,284.5,0,27088,410,0,0,0,197,129,0,0,0,0,0,0,0,84,0
0,0,0,261.25,264,0,0,0,0,0,0,0,285.5,0,27922,417,0,0,0,195,136,0,0,0,0,0,0,0,86,0
0,0,0,263.5,262.5,0,0,0,0,0,0,0,287,0,28768,423,0,0,0,192,143,0,0,0,0,0,0,0,88,0
0,0,0,265,260.5,52,0,0,0,0,0,0,288,0,29612,422,0,0,0,184,148,0,0,0,0,0,0,0,90,0
0,0,0,265,259.25,169,0,0,0,0,0,0,289,0,30454,421,0,0,0,173,155,0,0,0,0,0,0,0,93,0
0,0,0,265,258.75,252.5,0,0,0,0,0,0,290,0,31286,416,0,0,0,159,157,12,0,0,0,0,0,0,88,0
0,0,0,265,258.75,265,0,0,0,0,0,0,290,0,32126,420,0,0,0,148,157,32,0,0,0,0,0,0,83,0
0,0,0,265,259,265,0,0,0,0,0,0,290,0,32954,414,0,0,0,133,163,36,0,0,0,0,0,0,82,0
0,0,0,265,259.75,265,0,0,0,0,0,0,290,0,33766,406,0,0,0,119,167,40,0,0,0,0,0,0,80,0
0,0,0,265,261,265,0,0,0,0,0,0,290,0,34568,401,0,0,0,103,173,46,0,0,0,0,0,0,79,0
0,0,0,265,262.25,265,0,0,0,0,0,0,290,0,35360,396,0,0,0,90,177,52,0,0,0,0,0,0,77,0
0,0,0,265,264.75,265,0,0,0,0,0,0,290,0,36156,398,0,0,0,72,184,66,0,0,0,0,0,0,76,0
0,0,0,265,265,265,0,0,0,0,0,0,290,0,36956,400,0,0,0,56,184,85,0,0,0,0,0,0,75,0
0,0,0,265,265,265,0,0,0,0,0,0,289,0,37748,396,0,0,0,40,176,106,0,0,0,0,0,0,74,0
0,0,0,195,265,265,0,0,0,0,0,0,288,0,38530,391,0,0,0,31,167,121,0,0,0,0,0,0,72,0
0,0,0,0,265,265,0,0,0,0,0,0,288,0,39294,382,0,0,0,0,168,133,0,0,0,0,0,0,81,0
0,0,0,0,265,265,0,0,0,0,0,0,288,0,40050,378,0,0,0,0,155,144,0,0,0,0,0,0,79,0
0,0,0,0,265,265,0,0,0,0,0,0,288.5,0,40794,372,0,0,0,0,143,153,0,0,0,0,0,0,76,0
0,0,0,0,265,265,0,0,0,0,0,0,289,0,41528,367,0,0,0,0,134,159,0,0,0,0,0,0,74,0
0,0,0,0,265,265,0,0,0,0,0,0,289.5,0,42246,359,0,0,0,0,121,166,0,0,0,0,0,0,72,0
0,0,0,0,265,265,78,0,0,0,0,0,290,0,42952,353,0,0,0,0,112,171,0,0,0,0,0,0,70,0
0,0,0,0,265,265,179.5,0,0,0,0,0,290,0,43640,344,0,0,0,0,99,170,8,0,0,0,0,0,67,0
0,0,0,0,265,265,265,0,0,0,0,0,290,12,44370,365,0,0,0,0,85,151,66,0,0,0,0,0,63,0
0,0,0,0,265,265,265,0,0,0,0,0,290,110,45088,359,0,0,0,0,74,153,72,0,0,0,0,0,60,0
0,0,0,0,265,265,265,0,0,0,0,0,290,243.5,45802,357,0,0,0,0,65,151,79,0,0,0,0,0,56,6
0,0,0,0,265,265,265,0,0,0,0,0,290,290,46512,355,0,0,0,0,55,148,49,0,0,0,0,0,53,50
0,0,0,0,265,265,265,0,0,0,0,0,290,290,47210,349,0,0,0,0,46,143,56,0,0,0,0,0,51,53
0,0,0,0,245,265,265,0,0,0,0,0,290,290,47896,343,0,0,0,0,37,139,65,0,0,0,0,0,48,54
0,0,0,0,0,265,265,0,0,0,0,0,290,290,48556,330,0,0,0,0,0,143,73,0,0,0,0,0,57,57
0,0,0,0,0,265,265,0,0,0,0,0,290,290,49212,328,0,0,0,0,0,133,83,0,0,0,0,0,52,60
0,0,0,0,0,265,265,0,0,0,0,0,290,290,49862,325,0,0,0,0,0,124,90,0,0,0,0,0,48,63
0,0,0,0,0,265,265,0,0,0,0,0,290,290,50506,322,0,0,0,0,0,120,93,0,0,0,0,0,47,62
0,0,0,0,0,265,265,0,0,0,0,0,290,290,51146,320,0,0,0,0,0,115,97,0,0,0,0,0,46,62
0,0,0,0,0,265,265,100,0,0,0,0,290,290,51780,317,0,0,0,0,0,105,104,0,0,0,0,0,43,65
0,0,0,0,0,265,265,221,0,0,0,0,290,290,52408,314,0,0,0,0,0,95,112,0,0,0,0,0,39,68
0,0,0,0,0,265,265,265,0,0,0,0,290,290,53038,315,0,0,0,0,0,85,106,26,0,0,0,0,36,62
0,0,0,0,0,265,265,265,0,0,0,0,290,290,53666,314,0,0,0,0,0,76,110,31,0,0,0,0,33,64
0,0,0,0,0,265,265,265,0,0,0,0,290,290,54294,314,0,0,0,0,0,66,113,39,0,0,0,0,32,64
0,0,0,0,0,265,265,265,0,0,0,0,290,290,54918,312,0,0,0,0,0,59,114,45,0,0,0,0,29,65
0,0,0,0,0,265,265,265,0,0,0,0,290,290,55536,309,0,0,0,0,0,49,114,53,0,0,0,0,28,65
0,0,0,0,0,265,265,265,0,0,0,0,290,290,56150,307,0,0,0,0,0,41,114,59,0,0,0,0,27,66
0,0,0,0,0,145,265,265,0,0,0,0,170,290,56762,306,0,0,0,0,0,34,111,69,0,0,0,0,25,67
0,0,0,0,0,0,265,265,0,0,0,0,0,290,57316,277,0,0,0,0,0,0,129,77,0,0,0,0,0,71
0,0,0,0,0,0,265,265,0,0,0,0,0,290,57874,279,0,0,0,0,0,0,124,85,0,0,0,0,0,70
0,0,0,0,0,0,265,265,0,0,0,0,0,290,58436,281,0,0,0,0,0,0,117,93,0,0,0,0,0,71
0,0,0,0,0,0,265,265,0,0,0,0,0,290,58998,281,0,0,0,0,0,0,111,99,0,0,0,0,0,71
0,0,0,0,0,0,265,265,0,0,0,0,0,290,59564,283,0,0,0,0,0,0,106,106,0,0,0,0,0,71
0,0,0,0,0,0,265,265,116,0,0,0,0,290,60126,281,0,0,0,0,0,0,99,112,0,0,0,0,0,70
0,0,0,0,0,0,265,265,207,0,0,0,0,290,60686,280,0,0,0,0,0,0,90,119,0,0,0,0,0,71
0,0,0,0,0,0,265,265,265,0,0,0,0,290,61250,282,0,0,0,0,0,0,82,113,24,0,0,0,0,63
0,0,0,0,0,0,265,265,265,0,0,0,0,290,61808,279,0,0,0,0,0,0,74,116,27,0,0,0,0,62
0,0,0,0,0,0,265,265,265,0,0,0,0,290,62362,277,0,0,0,0,0,0,65,119,31,0,0,0,0,62
0,0,0,0,0,0,265,265,265,0,0,0,0,290,62912,275,0,0,0,0,0,0,56,121,37,0,0,0,0,61
0,0,0,0,0,0,265,265,265,0,0,0,0,290,63456,272,0,0,0,0,0,0,49,121,41,0,0,0,0,61
0,0,0,0,0,0,265,265,265,0,0,0,0,290,64000,272,0,0,0,0,0,0,42,122,48,0,0,0,0,60
0,0,0,0,0,0,265,265,265,0,0,0,0,290,64540,270,0,0,0,0,0,0,36,120,54,0,0,0,0,60
0,0,0,0,0,0,265,265,265,0,0,0,0,290,65074,267,0,0,0,0,0,0,29,118,61,0,0,0,0,59
0,0,0,0,0,0,265,265,265,32,0,0,0,290,65606,266,0,0,0,0,0,0,23,116,69,0,0,0,0,58
0,0,0,0,0,0,175,265,265,122,0,0,0,290,66136,265,0,0,0,0,0,0,19,112,76,0,0,0,0,58
0,0,0,0,0,0,0,265,265,238,0,0,0,290,66658,261,0,0,0,0,0,0,0,112,81,5,0,0,0,63
0,0,0,0,0,0,0,265,265,265,0,0,0,290,67190,266,0,0,0,0,0,0,0,103,72,30,0,0,0,61
0,0,0,0,0,0,0,265,265,265,0,0,0,290,67728,269,0,0,0,0,0,0,0,97,78,34,0,0,0,60
0,0,0,0,0,0,0,265,265,265,0,0,0,290,68264,268,0,0,0,0,0,0,0,89,82,38,0,0,0,59
0,0,0,0,0,0,0,265,265,265,0,0,0,290,68794,265,0,0,0,0,0,0,0,81,85,43,0,0,0,56
0,0,0,0,0,0,0,265,265,265,0,0,0,290,69328,267,0,0,0,0,0,0,0,73,89,50,0,0,0,55
0,0,0,0,0,0,0,265,265,265,0,0,0,290,69860,266,0,0,0,0,0,0,0,66,92,55,0,0,0,53
0,0,0,0,0,0,0,265,265,265,0,0,0,290,70394,267,0,0,0,0,0,0,0,60,93,62,0,0,0,52
0,0,0,0,0,0,0,265,265,265,0,0,0,290,70922,264,0,0,0,0,0,0,0,53,92,69,0,0,0,50
0,0,0,0,0,0,0,265,265,265,5,0,0,290,71444,261,0,0,0,0,0,0,0,45,91,77,0,0,0,48
0,0,0,0,0,0,0,265,265,265,121,0,0,290,71962,259,0,0,0,0,0,0,0,39,91,84,0,0,0,45
0,0,0,0,0,0,0,265,265,265,238.5,0,0,290,72480,259,0,0,0,0,0,0,0,32,89,89,5,0,0,44
0,0,0,0,0,0,0,0,265,265,265,0,0,290,73006,263,0,0,0,0,0,0,0,25,88,79,29,0,0,42
0,0,0,0,0,0,0,0,265,265,265,0,0,290,73510,252,0,0,0,0,0,0,0,0,88,83,33,0,0,48
0,0,0,0,0,0,0,0,265,265,265,0,0,290,74014,252,0,0,0,0,0,0,0,0,82,88,37,0,0,45
0,0,0,0,0,0,0,0,265,265,265,0,0,290,74514,250,0,0,0,0,0,0,0,0,76,92,42,0,0,40
0,0,0,0,0,0,0,0,265,265,265,0,0,290,75014,250,0,0,0,0,0,0,0,0,70,94,47,0,0,39
0,0,0,0,0,0,0,0,265,265,265,0,0,290,75506,246,0,0,0,0,0,0,0,0,62,96,53,0,0,35
0,0,0,0,0,0,0,0,265,265,265,0,0,290,75998,246,0,0,0,0,0,0,0,0,56,97,60,0,0,33
0,0,0,0,0,0,0,0,265,265,265,0,0,290,76482,242,0,0,0,0,0,0,0,0,50,96,66,0,0,30
0,0,0,0,0,0,0,0,265,265,265,42,0,290,76964,241,0,0,0,0,0,0,0,0,44,95,73,0,0,29
0,0,0,0,0,0,0,0,265,265,265,143,0,290,77442,239,0,0,0,0,0,0,0,0,37,95,80,0,0,27
0,0,0,0,0,0,0,0,265,265,265,249,0,290,77922,240,0,0,0,0,0,0,0,0,30,92,80,12,0,26
0,0,0,0,0,0,0,0,265,265,265,265,0,290,78400,239,0,0,0,0,0,0,0,0,24,88,75,27,0,25
0,0,0,0,0,0,0,0,265,265,265,265,0,290,78878,239,0,0,0,0,0,0,0,0,20,84,81,31,0,23
0,0,0,0,0,0,0,0,235,265,265,265,0,290,79350,236,0,0,0,0,0,0,0,0,15,79,85,35,0,22
0,0,0,0,0,0,0,0,0,265,265,265,0,290,79820,235,0,0,0,0,0,0,0,0,0,81,89,40,0,25
0,0,0,0,0,0,0,0,0,265,265,265,0,290,80290,235,0,0,0,0,0,0,0,0,0,75,92,45,0,23
0,0,0,0,0,0,0,0,0,265,265,265,0,290,80754,232,0,0,0,0,0,0,0,0,0,67,93,51,0,21
0,0,0,0,0,0,0,0,0,265,265,265,0,290,81216,231,0,0,0,0,0,0,0,0,0,61,94,57,0,19
0,0,0,0,0,0,0,0,0,265,265,265,0,290,81672,228,0,0,0,0,0,0,0,0,0,54,93,63,0,18
0,0,0,0,0,0,0,0,0,265,265,265,0,290,82128,228,0,0,0,0,0,0,0,0,0,47,93,70,0,18
0,0,0,0,0,0,0,0,0,265,265,265,0,290,82582,227,0,0,0,0,0,0,0,0,0,41,92,77,0,17
0,0,0,0,0,0,0,0,0,265,265,265,0,290,83030,224,0,0,0,0,0,0,0,0,0,35,90,83,0,16
0,0,0,0,0,0,0,0,0,265,265,265,0,290,83476,223,0,0,0,0,0,0,0,0,0,30,87,91,0,15
0,0,0,0,0,0,0,0,0,265,265,265,0,290,83912,218,0,0,0,0,0,0,0,0,0,24,83,96,0,15
0,0,0,0,0,0,0,0,0,245,265,264.5,0,270,84344,216,0,0,0,0,0,0,0,0,0,20,79,102,0,15
0,0,0,0,0,0,0,0,0,0,265,260,0,0,84746,201,0,0,0,0,0,0,0,0,0,0,97,104,0,0
0,0,0,0,0,0,0,0,0,0,265,256.5,0,0,85136,195,0,0,0,0,0,0,0,0,0,0,91,104,0,0
0,0,0,0,0,0,0,0,0,0,265,254,0,0,85516,190,0,0,0,0,0,0,0,0,0,0,86,104,0,0
0,0,0,0,0,0,0,0,0,0,265,256,0,0,85892,188,0,0,0,0,0,0,0,0,0,0,84,104,0,0
0,0,0,0,0,0,0,0,0,0,265,257,0,0,86258,183,0,0,0,0,0,0,0,0,0,0,79,104,0,0
0,0,0,0,0,0,0,0,0,0,265,259.5,0,0,86596,169,0,0,0,0,0,0,0,0,0,0,66,103,0,0
0,0,0,0,0,0,0,0,0,0,265,260.5,0,0,86900,152,0,0,0,0,0,0,0,0,0,0,53,99,0,0
0,0,0,0,0,0,0,0,0,0,265,262,0,0,87176,138,0,0,0,0,0,0,0,0,0,0,43,95,0,0
0,0,0,0,0,0,0,0,0,0,265,263.5,0,0,87432,128,0,0,0,0,0,0,0,0,0,0,36,92,0,0
0,0,0,0,0,0,0,0,0,0,265,265,0,0,87670,119,0,0,0,0,0,0,0,0,0,0,31,88,0,0
0,0,0,0,0,0,0,0,0,0,215,265,0,0,87886,108,0,0,0,0,0,0,0,0,0,0,27,81,0,0
0,0,0,0,0,0,0,0,0,0,0,265,0,0,88070,92,0,0,0,0,0,0,0,0,0,0,0,92,0,0
0,0,0,0,0,0,0,0,0,0,0,265,0,0,88234,82,0,0,0,0,0,0,0,0,0,0,0,82,0,0
0,0,0,0,0,0,0,0,0,0,0,265,0,0,88376,71,0,0,0,0,0,0,0,0,0,0,0,71,0,0
0,0,0,0,0,0,0,0,0,0,0,265,0,0,88482,53,0,0,0,0,0,0,0,0,0,0,0,53,0,0
0,0,0,0,0,0,0,0,0,0,0,265,0,0,88566,42,0,0,0,0,0,0,0,0,0,0,0,42,0,0
0,0,0,0,0,0,0,0,0,0,0,265,0,0,88626,30,0,0,0,0,0,0,0,0,0,0,0,30,0,0
0,0,0,0,0,0,0,0,0,0,0,265,0,0,88658,16,0,0,0,0,0,0,0,0,0,0,0,16,0,0
0,0,0,0,0,0,0,0,0,0,0,265,0,0,88680,11,0,0,0,0,0,0,0,0,0,0,0,11,0,0
0,0,0,0,0,0,0,0,0,0,0,265,0,0,88702,11,0,0,0,0,0,0,0,0,0,0,0,11,0,0
0,0,0,0,0,0,0,0,0,0,0,265,0,0,88724,11,0,0,0,0,0,0,0,0,0,0,0,11,0,0
0,0,0,0,0,0,0,0,0,0,0,235,0,0,88746,11,0,0,0,0,0,0,0,0,0,0,0,11,0,0
0,0,0,0,0,0,0,0,0,0,0,0,0,0,88760,7,0,0,0,0,0,0,0,0,0,0,0,7,0,0
0,0,0,0,0,0,0,0,0,0,0,0,0,0,88760,0,0,0,0,0,0,0,0,0,0,0,0,0,0,0
0,0,0,0,0,0,0,0,0,0,0,0,0,0,88760,0,0,0,0,0,0,0,0,0,0,0,0,0,0,0
0,0,0,0,0,0,0,0,0,0,0,0,0,0,88760,0,0,0,0,0,0,0,0,0,0,0,0,0,0,0
0,0,0,0,0,0,0,0,0,0,0,0,0,0,88760,0,0,0,0,0,0,0,0,0,0,0,0,0,0,0
0,0,0,0,0,0,0,0,0,0,0,0,0,0,88760,0,0,0,0,0,0,0,0,0,0,0,0,0,0,0
0,0,0,0,0,0,0,0,0,0,0,0,0,0,88760,0,0,0,0,0,0,0,0,0,0,0,0,0,0,0
0,0,0,0,0,0,0,0,0,0,0,0,0,0,88760,0,0,0,0,0,0,0,0,0,0,0,0,0,0,0
0,0,0,0,0,0,0,0,0,0,0,0,0,0,88760,0,0,0,0,0,0,0,0,0,0,0,0,0,0,0
0,0,0,0,0,0,0,0,0,0,0,0,0,0,88760,0,0,0,0,0,0,0,0,0,0,0,0,0,0,0
0,0,0,0,0,0,0,0,0,0,0,0,0,0,88760,0,0,0,0,0,0,0,0,0,0,0,0,0,0,0
0,0,0,0,0,0,0,0,0,0,0,0,0,0,88760,0,0,0,0,0,0,0,0,0,0,0,0,0,0,0
0,0,0,0,0,0,0,0,0,0,0,0,0,0,88760,0,0,0,0,0,0,0,0,0,0,0,0,0,0,0
0,0,0,0,0,0,0,0,0,0,0,0,0,0,88760,0,0,0,0,0,0,0,0,0,0,0,0,0,0,0
0,0,0,0,0,0,0,0,0,0,0,0,0,0,88760,0,0,0,0,0,0,0,0,0,0,0,0,0,0,0
0,0,0,0,0,0,0,0,0,0,0,0,0,0,88760,0,0,0,0,0,0,0,0,0,0,0,0,0,0,0
0,0,0,0,0,0,0,0,0,0,0,0,0,0,88760,0,0,0,0,0,0,0,0,0,0,0,0,0,0,0
0,0,0,0,0,0,0,0,0,0,0,0,0,0,88760,0,0,0,0,0,0,0,0,0,0,0,0,0,0,0
0,0,0,0,0,0,0,0,0,0,0,0,0,0,88760,0,0,0,0,0,0,0,0,0,0,0,0,0,0,0
