01V,02V,03V,04V,05V,06V,07V,08V,09V,10V,11V,12V,13V,14V,15V,16V,17V,18V,19V,20V,21V,22V,23V,24V,25V,26V,27V,28V,29V,30V,31V,32V,33V,34V,35V,36V,37V,38V,39V,40V,41V,42V,43V,44V,Coulombs,App_Amps
0,0,0,0,0,0,0,0,0,0,0,0,0,0,0,0,0,0,0,0,0,0,0,0,0,0,0,0,0,0,0,0,0,0,0,0,0,0,0,0,0,0,0,0,0,0
0,0,0,0,0,0,0,0,86,86,86,86,0,0,0,0,0,0,0,0,0,0,0,0,0,0,0,0,0,0,0,0,0,0,0,0,0,0,0,0,0,0,0,0,118,59
0,0,0,0,0,0,0,0,176,176,176,176,0,0,0,0,0,0,0,0,0,0,0,0,0,0,0,0,0,0,0,0,0,0,0,0,0,0,0,0,0,0,0,0,388,135
0,0,0,0,0,0,0,0,240,240,240,240,0,0,0,0,0,0,0,0,0,0,0,0,0,0,0,0,0,0,0,0,0,0,0,0,0,0,0,0,0,0,0,0,786,199
0,0,0,0,0,0,0,0,240,240,240,240,0,0,0,0,0,0,0,0,0,0,0,0,0,0,0,0,0,0,0,0,0,0,0,0,0,0,0,0,0,0,0,0,1202,208
0,0,0,0,0,0,0,0,240,240,240,240,0,0,0,0,0,0,0,0,0,0,0,0,0,0,0,0,0,0,0,0,0,0,0,0,0,0,0,0,0,0,0,0,1626,212
0,0,0,0,0,0,0,0,240,240,240,240,0,0,0,0,0,0,0,0,0,0,0,0,0,0,0,0,0,0,0,0,0,0,0,0,0,0,0,0,0,0,0,0,2052,213
0,0,0,0,0,0,0,0,240,240,240,240,0,0,0,0,0,0,0,0,0,0,0,0,0,0,0,0,0,0,0,0,0,0,0,0,0,0,0,0,0,0,0,0,2478,213
0,0,0,0,0,0,0,0,240,240,240,240,0,0,0,0,0,0,0,0,0,0,0,0,0,0,0,0,0,0,0,0,0,0,0,0,0,0,0,0,0,0,0,0,2930,226
0,0,0,0,0,0,0,0,240,240,240,240,0,0,0,0,0,0,0,0,0,0,0,0,0,0,0,0,0,0,0,0,0,0,0,0,0,0,0,0,0,0,0,0,3418,244
0,0,0,0,0,0,0,0,235,233,240,240,0,0,0,0,0,0,0,0,0,0,0,0,0,0,0,0,0,0,0,0,0,0,0,0,0,0,0,0,0,0,0,0,3928,255
0,0,0,0,0,0,0,0,228,227,240,240,0,0,0,0,0,0,0,0,0,0,0,0,0,0,0,0,0,0,0,0,0,0,0,0,0,0,0,0,0,0,0,0,4460,266
0,0,0,0,0,0,0,0,223,221,240,240,0,0,0,0,0,0,0,0,0,0,0,0,0,0,0,0,0,0,0,0,0,0,0,0,0,0,0,0,0,0,0,0,5014,277
0,0,0,0,0,0,0,0,219,217,240,240,0,0,0,0,0,0,0,0,0,0,0,0,0,0,0,0,0,0,0,0,0,0,0,0,0,0,0,0,15,15,0,0,5590,288
0,0,0,0,0,0,0,0,216,214,240,240,0,0,0,0,0,0,0,0,0,0,0,0,0,0,0,0,0,0,0,0,0,0,0,0,0,0,0,0,126,126,0,0,6186,298
0,0,0,0,0,0,0,0,217,215,240,240,0,0,0,0,0,0,0,0,0,0,0,0,0,0,0,0,0,0,0,0,0,0,0,0,0,0,0,0,253,255,0,0,6862,338
0,0,0,0,0,0,0,0,216,214,240,240,0,0,0,0,0,0,0,0,0,0,0,0,0,0,0,0,0,0,0,0,0,0,0,0,0,0,0,0,290,290,0,0,7584,361
0,0,0,0,0,0,0,0,216,214,240,240,49,49,49,49,0,0,0,0,0,0,0,0,0,0,0,0,0,0,0,0,0,0,0,0,0,0,0,0,290,290,0,0,8326,371
0,0,0,0,0,0,0,0,216,213,240,240,150,150,150,150,0,0,0,0,0,0,0,0,0,0,0,0,0,0,0,0,0,0,0,0,0,0,0,0,290,290,0,0,9090,382
0,0,0,0,0,0,0,0,217,214,240,240,243,243,243,243,0,0,0,0,0,0,0,0,0,0,0,0,0,0,0,0,0,0,0,0,0,0,0,0,290,290,0,0,9890,400
0,0,0,0,0,0,0,0,220,217,240,240,265,265,265,265,0,0,0,0,0,0,0,0,0,0,0,0,0,0,0,0,0,0,0,0,0,0,0,0,290,290,0,0,10732,421
0,0,0,0,0,0,0,0,223,220,240,240,265,265,265,265,0,0,0,0,0,0,0,0,0,0,0,0,0,0,0,0,0,0,0,0,0,0,0,0,290,290,0,0,11602,435
0,0,0,0,0,0,0,0,227,223,240,240,265,265,265,265,0,0,0,0,0,0,0,0,0,0,0,0,0,0,0,0,0,0,0,0,0,0,0,0,290,290,0,0,12498,448
0,0,0,0,0,0,0,0,232,228,240,240,265,265,265,265,0,0,0,0,0,0,0,0,0,0,0,0,0,0,0,0,0,0,0,0,0,0,0,0,290,290,0,0,13412,457
0,0,0,0,0,0,0,0,237,233,240,240,265,265,265,265,0,0,0,0,0,0,0,0,0,0,0,0,0,0,0,0,0,0,0,0,0,0,0,0,290,290,0,0,14350,469
0,0,0,0,0,0,0,0,240,240,240,240,265,265,265,265,0,0,0,0,0,0,0,0,0,0,0,0,0,0,0,0,0,0,0,0,0,0,0,0,290,290,0,0,15304,477
0,0,0,0,0,0,0,0,240,240,240,240,265,265,265,265,0,0,0,0,0,0,0,0,0,0,0,0,0,0,0,0,0,0,0,0,0,0,0,0,290,290,0,0,16266,481
0,0,0,0,0,0,0,0,240,240,240,240,265,265,265,265,0,0,0,0,0,0,0,0,0,0,0,0,0,0,0,0,0,0,0,0,0,0,0,0,290,290,0,0,17230,482
0,0,0,0,0,0,0,0,240,240,240,240,265,265,265,265,0,0,0,0,0,0,0,0,0,0,0,0,0,0,0,0,0,0,0,0,0,0,0,0,290,290,0,0,18194,482
0,0,0,0,0,0,0,0,240,240,240,240,265,265,265,265,0,0,0,0,0,0,0,0,0,0,0,0,0,0,0,0,0,0,0,0,0,0,0,0,290,290,0,0,19148,477
0,0,0,0,0,0,0,0,240,240,240,240,265,265,265,265,64,75,75,75,0,0,0,0,0,0,0,0,0,0,0,0,0,0,0,0,0,0,0,0,290,290,0,0,20096,474
0,0,0,0,0,0,0,0,240,240,240,240,265,265,265,265,175,175,175,175,0,0,0,0,0,0,0,0,0,0,0,0,0,0,0,0,0,0,0,0,290,290,0,0,21030,467
0,0,0,0,0,0,0,0,240,240,240,240,265,265,265,265,265,265,265,265,0,0,0,0,0,0,0,0,0,0,0,0,0,0,0,0,0,0,0,0,290,290,0,0,21978,474
0,0,0,0,0,0,0,0,240,240,240,240,265,265,265,265,265,265,265,265,0,0,0,0,0,0,0,0,0,0,0,0,0,0,0,0,0,0,0,0,290,290,0,0,22918,470
0,0,0,0,0,0,0,0,240,240,240,240,265,265,265,265,265,265,265,265,0,0,0,0,0,0,0,0,0,0,0,0,0,0,0,0,0,0,0,0,290,290,0,0,23828,455
0,0,0,0,0,0,0,0,240,240,240,240,265,265,265,265,265,265,265,265,0,0,0,0,0,0,0,0,0,0,0,0,0,0,0,0,0,0,0,0,290,290,0,0,24728,450
0,0,0,0,0,0,0,0,240,240,240,240,265,265,265,265,265,265,265,265,0,0,0,0,0,0,0,0,0,0,0,0,0,0,0,0,0,0,0,0,290,290,0,0,25618,445
0,0,0,0,0,0,0,0,240,240,240,240,265,265,265,265,265,265,265,265,0,0,0,0,0,0,0,0,0,0,0,0,0,0,0,0,0,0,0,0,290,290,0,0,26504,443
0,0,0,0,0,0,0,0,240,240,240,240,265,265,265,265,265,265,265,265,0,0,0,0,0,0,0,0,0,0,0,0,0,0,0,0,0,0,0,0,290,290,0,0,27386,441
0,0,0,0,0,0,0,0,70,70,70,70,265,265,265,265,265,265,265,265,0,0,0,0,0,0,0,0,0,0,0,0,0,0,0,0,0,0,0,0,290,290,0,0,28222,418
0,0,0,0,0,0,0,0,0,0,0,0,265,265,265,265,265,265,265,265,0,0,0,0,0,0,0,0,0,0,0,0,0,0,0,0,0,0,0,0,290,290,0,0,29014,396
0,0,0,0,0,0,0,0,0,0,0,0,265,265,265,265,265,265,265,265,0,0,0,0,0,0,0,0,0,0,0,0,0,0,0,0,0,0,0,0,290,290,0,0,29814,400
0,0,0,0,0,0,0,0,0,0,0,0,265,265,265,265,265,265,265,265,0,0,0,0,0,0,0,0,0,0,0,0,0,0,0,0,0,0,0,0,290,290,0,0,30626,406
0,0,0,0,0,0,0,0,0,0,0,0,265,265,265,265,265,265,265,265,0,0,0,0,0,0,0,0,0,0,0,0,0,0,0,0,0,0,0,0,290,290,0,0,31450,412
0,0,0,0,0,0,0,0,0,0,0,0,265,265,265,265,265,265,265,265,58,58,58,58,0,0,0,0,0,0,0,0,0,0,0,0,0,0,0,0,290,290,0,0,32272,411
0,0,0,0,0,0,0,0,0,0,0,0,265,265,265,265,265,265,265,265,159,159,159,159,0,0,0,0,0,0,0,0,0,0,0,0,0,0,0,0,290,290,0,0,33084,406
0,0,0,0,0,0,0,0,0,0,0,0,265,265,265,265,265,265,265,265,265,265,265,265,0,0,0,0,0,0,0,0,0,0,0,0,0,0,0,0,290,290,0,0,33906,411
0,0,0,0,0,0,0,0,0,0,0,0,265,265,265,265,265,265,265,265,265,265,265,265,0,0,0,0,0,0,0,0,0,0,0,0,0,0,0,0,290,290,0,0,34716,405
0,0,0,0,0,0,0,0,0,0,0,0,265,265,265,265,265,265,265,265,265,265,265,265,0,0,0,0,0,0,0,0,0,0,0,0,0,0,0,0,290,290,0,0,35518,401
0,0,0,0,0,0,0,0,0,0,0,0,265,265,265,265,265,265,265,265,265,265,265,265,0,0,0,0,0,0,0,0,0,0,0,0,0,0,0,0,290,290,0,0,36300,391
0,0,0,0,0,0,0,0,0,0,0,0,265,265,265,265,265,265,265,265,265,265,265,265,0,0,0,0,0,0,0,0,0,0,0,0,0,0,0,0,290,290,0,0,37068,384
0,0,0,0,0,0,0,0,0,0,0,0,265,265,265,265,265,265,265,265,265,265,265,265,0,0,0,0,0,0,0,0,0,0,0,0,0,0,0,0,290,290,0,0,37830,381
0,0,0,0,0,0,0,0,0,0,0,0,265,265,265,265,265,265,265,265,265,265,265,265,0,0,0,0,0,0,0,0,0,0,0,0,0,0,0,0,290,290,0,0,38590,380
0,0,0,0,0,0,0,0,0,0,0,0,265,265,265,265,265,265,265,265,265,265,265,265,0,0,0,0,0,0,0,0,0,0,0,0,0,0,0,0,290,290,0,0,39352,381
0,0,0,0,0,0,0,0,0,0,0,0,265,265,265,265,265,265,265,265,265,265,265,265,0,0,0,0,0,0,0,0,0,0,0,0,0,0,0,0,290,290,0,0,40106,377
0,0,0,0,0,0,0,0,0,0,0,0,165,165,165,165,265,265,265,265,265,265,265,265,0,0,0,0,0,0,0,0,0,0,0,0,0,0,0,0,290,290,0,0,40856,375
0,0,0,0,0,0,0,0,0,0,0,0,0,0,0,0,265,265,265,265,265,265,265,265,0,0,0,0,0,0,0,0,0,0,0,0,0,0,0,0,290,290,0,0,41582,363
0,0,0,0,0,0,0,0,0,0,0,0,0,0,0,0,265,265,265,265,265,265,265,265,0,0,0,0,0,0,0,0,0,0,0,0,0,0,0,0,290,290,0,0,42300,359
0,0,0,0,0,0,0,0,0,0,0,0,0,0,0,0,265,265,265,265,265,265,265,265,0,0,0,0,0,0,0,0,0,0,0,0,0,0,0,0,290,290,0,0,43010,355
0,0,0,0,0,0,0,0,0,0,0,0,0,0,0,0,265,265,265,265,265,265,265,265,0,0,0,0,0,0,0,0,0,0,0,0,0,0,0,0,290,290,0,0,43706,348
0,0,0,0,0,0,0,0,0,0,0,0,0,0,0,0,265,265,265,265,265,265,265,265,0,0,0,0,0,0,0,0,0,0,0,0,0,0,0,0,290,290,0,0,44386,340
0,0,0,0,0,0,0,0,0,0,0,0,0,0,0,0,265,265,265,265,265,265,265,265,80,84,84,80,0,0,0,0,0,0,0,0,0,0,0,0,290,290,0,0,45054,334
0,0,0,0,0,0,0,0,0,0,0,0,0,0,0,0,265,265,265,265,265,265,265,265,181,181,181,181,0,0,0,0,0,0,0,0,0,0,0,0,290,290,0,0,45712,329
0,0,0,0,0,0,0,0,0,0,0,0,0,0,0,0,265,265,265,265,265,265,265,265,265,265,265,265,0,0,0,0,0,0,0,0,0,0,0,0,290,290,15,15,46408,348
0,0,0,0,0,0,0,0,0,0,0,0,0,0,0,0,265,265,265,265,265,265,265,265,265,265,265,265,0,0,0,0,0,0,0,0,0,0,0,0,290,290,127,128,47096,344
0,0,0,0,0,0,0,0,0,0,0,0,0,0,0,0,265,265,265,265,265,265,265,265,265,265,265,265,0,0,0,0,0,0,0,0,0,0,0,0,290,290,259,259,47802,353
0,0,0,0,0,0,0,0,0,0,0,0,0,0,0,0,265,265,265,265,265,265,265,265,265,265,265,265,0,0,0,0,0,0,0,0,0,0,0,0,290,290,290,290,48478,338
0,0,0,0,0,0,0,0,0,0,0,0,0,0,0,0,265,265,265,265,265,265,265,265,265,265,265,265,0,0,0,0,0,0,0,0,0,0,0,0,290,290,290,290,49142,332
0,0,0,0,0,0,0,0,0,0,0,0,0,0,0,0,255,255,255,255,265,265,265,265,265,265,265,265,0,0,0,0,0,0,0,0,0,0,0,0,290,290,290,290,49796,327
0,0,0,0,0,0,0,0,0,0,0,0,0,0,0,0,0,0,0,0,265,265,265,265,265,265,265,265,0,0,0,0,0,0,0,0,0,0,0,0,290,290,290,290,50436,320
0,0,0,0,0,0,0,0,0,0,0,0,0,0,0,0,0,0,0,0,265,265,265,265,265,265,265,265,0,0,0,0,0,0,0,0,0,0,0,0,290,290,290,290,51068,316
0,0,0,0,0,0,0,0,0,0,0,0,0,0,0,0,0,0,0,0,265,265,265,265,265,265,265,265,0,0,0,0,0,0,0,0,0,0,0,0,290,290,290,290,51696,314
0,0,0,0,0,0,0,0,0,0,0,0,0,0,0,0,0,0,0,0,265,265,265,265,265,265,265,265,0,0,0,0,0,0,0,0,0,0,0,0,290,290,290,290,52318,311
0,0,0,0,0,0,0,0,0,0,0,0,0,0,0,0,0,0,0,0,265,265,265,265,265,265,265,265,10,10,10,10,0,0,0,0,0,0,0,0,290,290,290,290,52932,307
0,0,0,0,0,0,0,0,0,0,0,0,0,0,0,0,0,0,0,0,265,265,265,265,265,265,265,265,106,106,106,106,0,0,0,0,0,0,0,0,290,290,290,290,53540,304
0,0,0,0,0,0,0,0,0,0,0,0,0,0,0,0,0,0,0,0,265,265,265,265,265,265,265,265,207,207,207,207,0,0,0,0,0,0,0,0,290,290,290,290,54148,304
0,0,0,0,0,0,0,0,0,0,0,0,0,0,0,0,0,0,0,0,265,265,265,265,265,265,265,265,265,265,265,265,0,0,0,0,0,0,0,0,290,290,290,290,54758,305
0,0,0,0,0,0,0,0,0,0,0,0,0,0,0,0,0,0,0,0,265,265,265,265,265,265,265,265,265,265,265,265,0,0,0,0,0,0,0,0,290,290,290,290,55366,304
0,0,0,0,0,0,0,0,0,0,0,0,0,0,0,0,0,0,0,0,265,265,265,265,265,265,265,265,265,265,265,265,0,0,0,0,0,0,0,0,290,290,290,290,55972,303
0,0,0,0,0,0,0,0,0,0,0,0,0,0,0,0,0,0,0,0,265,265,265,265,265,265,265,265,265,265,265,265,0,0,0,0,0,0,0,0,290,290,290,290,56576,302
0,0,0,0,0,0,0,0,0,0,0,0,0,0,0,0,0,0,0,0,265,265,265,265,265,265,265,265,265,265,265,265,0,0,0,0,0,0,0,0,290,290,290,290,57178,301
0,0,0,0,0,0,0,0,0,0,0,0,0,0,0,0,0,0,0,0,265,265,265,265,265,265,265,265,265,265,265,265,0,0,0,0,0,0,0,0,290,290,290,290,57776,299
0,0,0,0,0,0,0,0,0,0,0,0,0,0,0,0,0,0,0,0,195,195,195,195,265,265,265,265,265,265,265,265,0,0,0,0,0,0,0,0,220,220,290,290,58370,297
0,0,0,0,0,0,0,0,0,0,0,0,0,0,0,0,0,0,0,0,0,0,0,0,265,265,265,265,265,265,265,265,0,0,0,0,0,0,0,0,0,0,290,290,58912,271
0,0,0,0,0,0,0,0,0,0,0,0,0,0,0,0,0,0,0,0,0,0,0,0,265,265,265,265,265,265,265,265,0,0,0,0,0,0,0,0,0,0,290,290,59456,272
0,0,0,0,0,0,0,0,0,0,0,0,0,0,0,0,0,0,0,0,0,0,0,0,265,265,265,265,265,265,265,265,0,0,0,0,0,0,0,0,0,0,290,290,60002,273
0,0,0,0,0,0,0,0,0,0,0,0,0,0,0,0,0,0,0,0,0,0,0,0,265,265,265,265,265,265,265,265,0,0,0,0,0,0,0,0,0,0,290,290,60552,275
0,0,0,0,0,0,0,0,0,0,0,0,0,0,0,0,0,0,0,0,0,0,0,0,265,265,265,265,265,265,265,265,0,0,0,0,0,0,0,0,0,0,290,290,61098,273
0,0,0,0,0,0,0,0,0,0,0,0,0,0,0,0,0,0,0,0,0,0,0,0,265,265,265,265,265,265,265,265,75,75,0,0,0,0,0,0,0,0,290,290,61644,273
0,0,0,0,0,0,0,0,0,0,0,0,0,0,0,0,0,0,0,0,0,0,0,0,265,265,265,265,265,265,265,265,195,195,0,0,0,0,0,0,0,0,290,290,62188,272
0,0,0,0,0,0,0,0,0,0,0,0,0,0,0,0,0,0,0,0,0,0,0,0,265,265,265,265,265,265,265,265,265,265,0,0,0,0,0,0,0,0,290,290,62734,273
0,0,0,0,0,0,0,0,0,0,0,0,0,0,0,0,0,0,0,0,0,0,0,0,265,265,265,265,265,265,265,265,265,265,0,0,0,0,0,0,0,0,290,290,63274,270
0,0,0,0,0,0,0,0,0,0,0,0,0,0,0,0,0,0,0,0,0,0,0,0,265,265,265,265,265,265,265,265,265,265,0,0,0,0,0,0,0,0,290,290,63810,268
0,0,0,0,0,0,0,0,0,0,0,0,0,0,0,0,0,0,0,0,0,0,0,0,265,265,265,265,265,265,265,265,265,265,0,0,0,0,0,0,0,0,290,290,64342,266
0,0,0,0,0,0,0,0,0,0,0,0,0,0,0,0,0,0,0,0,0,0,0,0,265,265,265,265,265,265,265,265,265,265,0,0,0,0,0,0,0,0,290,290,64868,263
0,0,0,0,0,0,0,0,0,0,0,0,0,0,0,0,0,0,0,0,0,0,0,0,265,265,265,265,265,265,265,265,265,265,0,0,0,0,0,0,0,0,290,290,65394,263
0,0,0,0,0,0,0,0,0,0,0,0,0,0,0,0,0,0,0,0,0,0,0,0,265,265,265,265,265,265,265,265,265,265,0,0,0,0,0,0,0,0,290,290,65916,261
0,0,0,0,0,0,0,0,0,0,0,0,0,0,0,0,0,0,0,0,0,0,0,0,265,265,265,265,265,265,265,265,265,265,0,0,0,0,0,0,0,0,290,290,66436,260
0,0,0,0,0,0,0,0,0,0,0,0,0,0,0,0,0,0,0,0,0,0,0,0,265,265,265,265,265,265,265,265,265,265,19,15,0,0,0,0,0,0,290,290,66950,257
0,0,0,0,0,0,0,0,0,0,0,0,0,0,0,0,0,0,0,0,0,0,0,0,155,155,155,155,265,265,265,265,265,265,138,138,0,0,0,0,0,0,290,290,67464,257
0,0,0,0,0,0,0,0,0,0,0,0,0,0,0,0,0,0,0,0,0,0,0,0,0,0,0,0,265,265,265,265,265,265,217,216,0,0,0,0,0,0,290,290,67970,253
0,0,0,0,0,0,0,0,0,0,0,0,0,0,0,0,0,0,0,0,0,0,0,0,0,0,0,0,265,265,265,265,265,265,265,265,0,0,0,0,0,0,290,290,68484,257
0,0,0,0,0,0,0,0,0,0,0,0,0,0,0,0,0,0,0,0,0,0,0,0,0,0,0,0,265,265,265,265,265,265,265,265,0,0,0,0,0,0,290,290,69004,260
0,0,0,0,0,0,0,0,0,0,0,0,0,0,0,0,0,0,0,0,0,0,0,0,0,0,0,0,265,265,265,265,265,265,265,265,0,0,0,0,0,0,290,290,69520,258
0,0,0,0,0,0,0,0,0,0,0,0,0,0,0,0,0,0,0,0,0,0,0,0,0,0,0,0,265,265,265,265,265,265,265,265,0,0,0,0,0,0,290,290,70040,260
0,0,0,0,0,0,0,0,0,0,0,0,0,0,0,0,0,0,0,0,0,0,0,0,0,0,0,0,265,265,265,265,265,265,265,265,0,0,0,0,0,0,290,290,70560,260
0,0,0,0,0,0,0,0,0,0,0,0,0,0,0,0,0,0,0,0,0,0,0,0,0,0,0,0,265,265,265,265,265,265,265,265,0,0,0,0,0,0,290,290,71078,259
0,0,0,0,0,0,0,0,0,0,0,0,0,0,0,0,0,0,0,0,0,0,0,0,0,0,0,0,265,265,265,265,265,265,265,265,0,0,0,0,0,0,290,290,71592,257
0,0,0,0,0,0,0,0,0,0,0,0,0,0,0,0,0,0,0,0,0,0,0,0,0,0,0,0,265,265,265,265,265,265,265,265,0,0,0,0,0,0,290,290,72104,256
0,0,0,0,0,0,0,0,0,0,0,0,0,0,0,0,0,0,0,0,0,0,0,0,0,0,0,0,265,265,265,265,265,265,265,265,11,11,0,0,0,0,290,290,72612,254
0,0,0,0,0,0,0,0,0,0,0,0,0,0,0,0,0,0,0,0,0,0,0,0,0,0,0,0,265,265,265,265,265,265,265,265,132,132,0,0,0,0,290,290,73118,253
0,0,0,0,0,0,0,0,0,0,0,0,0,0,0,0,0,0,0,0,0,0,0,0,0,0,0,0,265,265,265,265,265,265,265,265,232,231,0,0,0,0,290,290,73614,248
0,0,0,0,0,0,0,0,0,0,0,0,0,0,0,0,0,0,0,0,0,0,0,0,0,0,0,0,145,145,145,145,265,265,265,265,265,265,0,0,0,0,290,290,74120,253
0,0,0,0,0,0,0,0,0,0,0,0,0,0,0,0,0,0,0,0,0,0,0,0,0,0,0,0,0,0,0,0,265,265,265,265,265,265,0,0,0,0,290,290,74612,246
0,0,0,0,0,0,0,0,0,0,0,0,0,0,0,0,0,0,0,0,0,0,0,0,0,0,0,0,0,0,0,0,265,265,265,265,265,265,0,0,0,0,290,290,75104,246
0,0,0,0,0,0,0,0,0,0,0,0,0,0,0,0,0,0,0,0,0,0,0,0,0,0,0,0,0,0,0,0,265,265,265,265,265,265,0,0,0,0,290,290,75596,246
0,0,0,0,0,0,0,0,0,0,0,0,0,0,0,0,0,0,0,0,0,0,0,0,0,0,0,0,0,0,0,0,265,265,265,265,265,265,0,0,0,0,290,290,76080,242
0,0,0,0,0,0,0,0,0,0,0,0,0,0,0,0,0,0,0,0,0,0,0,0,0,0,0,0,0,0,0,0,265,265,265,265,265,265,0,0,0,0,290,290,76562,241
0,0,0,0,0,0,0,0,0,0,0,0,0,0,0,0,0,0,0,0,0,0,0,0,0,0,0,0,0,0,0,0,265,265,265,265,265,265,0,0,0,0,290,290,77040,239
0,0,0,0,0,0,0,0,0,0,0,0,0,0,0,0,0,0,0,0,0,0,0,0,0,0,0,0,0,0,0,0,265,265,265,265,265,265,0,0,0,0,290,290,77516,238
0,0,0,0,0,0,0,0,0,0,0,0,0,0,0,0,0,0,0,0,0,0,0,0,0,0,0,0,0,0,0,0,265,265,265,265,265,265,52,52,0,0,290,290,77986,235
0,0,0,0,0,0,0,0,0,0,0,0,0,0,0,0,0,0,0,0,0,0,0,0,0,0,0,0,0,0,0,0,265,265,265,265,265,265,173,173,0,0,290,290,78452,233
0,0,0,0,0,0,0,0,0,0,0,0,0,0,0,0,0,0,0,0,0,0,0,0,0,0,0,0,0,0,0,0,265,265,265,265,265,265,263,263,0,0,290,290,78926,237
0,0,0,0,0,0,0,0,0,0,0,0,0,0,0,0,0,0,0,0,0,0,0,0,0,0,0,0,0,0,0,0,265,265,265,265,265,265,265,265,0,0,290,290,79394,234
0,0,0,0,0,0,0,0,0,0,0,0,0,0,0,0,0,0,0,0,0,0,0,0,0,0,0,0,0,0,0,0,265,265,265,265,265,265,265,265,0,0,290,290,79858,232
0,0,0,0,0,0,0,0,0,0,0,0,0,0,0,0,0,0,0,0,0,0,0,0,0,0,0,0,0,0,0,0,225,225,265,265,265,265,265,265,0,0,290,290,80324,233
0,0,0,0,0,0,0,0,0,0,0,0,0,0,0,0,0,0,0,0,0,0,0,0,0,0,0,0,0,0,0,0,0,0,265,265,265,265,265,265,0,0,290,290,80782,229
0,0,0,0,0,0,0,0,0,0,0,0,0,0,0,0,0,0,0,0,0,0,0,0,0,0,0,0,0,0,0,0,0,0,265,265,265,265,265,265,0,0,290,290,81238,228
0,0,0,0,0,0,0,0,0,0,0,0,0,0,0,0,0,0,0,0,0,0,0,0,0,0,0,0,0,0,0,0,0,0,265,265,265,265,265,265,0,0,290,290,81696,229
0,0,0,0,0,0,0,0,0,0,0,0,0,0,0,0,0,0,0,0,0,0,0,0,0,0,0,0,0,0,0,0,0,0,265,265,265,265,265,265,0,0,290,290,82146,225
0,0,0,0,0,0,0,0,0,0,0,0,0,0,0,0,0,0,0,0,0,0,0,0,0,0,0,0,0,0,0,0,0,0,265,265,265,265,265,265,0,0,290,290,82596,225
0,0,0,0,0,0,0,0,0,0,0,0,0,0,0,0,0,0,0,0,0,0,0,0,0,0,0,0,0,0,0,0,0,0,265,265,265,265,265,265,0,0,290,290,83040,222
0,0,0,0,0,0,0,0,0,0,0,0,0,0,0,0,0,0,0,0,0,0,0,0,0,0,0,0,0,0,0,0,0,0,265,265,265,265,265,265,0,0,290,290,83478,219
0,0,0,0,0,0,0,0,0,0,0,0,0,0,0,0,0,0,0,0,0,0,0,0,0,0,0,0,0,0,0,0,0,0,265,265,265,265,265,265,0,0,290,290,83914,218
0,0,0,0,0,0,0,0,0,0,0,0,0,0,0,0,0,0,0,0,0,0,0,0,0,0,0,0,0,0,0,0,0,0,265,265,265,265,265,265,0,0,290,290,84344,215
0,0,0,0,0,0,0,0,0,0,0,0,0,0,0,0,0,0,0,0,0,0,0,0,0,0,0,0,0,0,0,0,0,0,265,265,265,265,265,265,0,0,290,290,84774,215
0,0,0,0,0,0,0,0,0,0,0,0,0,0,0,0,0,0,0,0,0,0,0,0,0,0,0,0,0,0,0,0,0,0,245,245,265,265,265,265,0,0,270,270,85194,210
0,0,0,0,0,0,0,0,0,0,0,0,0,0,0,0,0,0,0,0,0,0,0,0,0,0,0,0,0,0,0,0,0,0,0,0,265,265,265,265,0,0,0,0,85596,201
0,0,0,0,0,0,0,0,0,0,0,0,0,0,0,0,0,0,0,0,0,0,0,0,0,0,0,0,0,0,0,0,0,0,0,0,265,265,265,265,0,0,0,0,85992,198
0,0,0,0,0,0,0,0,0,0,0,0,0,0,0,0,0,0,0,0,0,0,0,0,0,0,0,0,0,0,0,0,0,0,0,0,265,265,265,265,0,0,0,0,86378,193
0,0,0,0,0,0,0,0,0,0,0,0,0,0,0,0,0,0,0,0,0,0,0,0,0,0,0,0,0,0,0,0,0,0,0,0,265,265,265,265,0,0,0,0,86760,191
0,0,0,0,0,0,0,0,0,0,0,0,0,0,0,0,0,0,0,0,0,0,0,0,0,0,0,0,0,0,0,0,0,0,0,0,265,265,265,265,0,0,0,0,87134,187
0,0,0,0,0,0,0,0,0,0,0,0,0,0,0,0,0,0,0,0,0,0,0,0,0,0,0,0,0,0,0,0,0,0,0,0,265,265,265,265,0,0,0,0,87472,169
0,0,0,0,0,0,0,0,0,0,0,0,0,0,0,0,0,0,0,0,0,0,0,0,0,0,0,0,0,0,0,0,0,0,0,0,265,265,265,265,0,0,0,0,87778,153
0,0,0,0,0,0,0,0,0,0,0,0,0,0,0,0,0,0,0,0,0,0,0,0,0,0,0,0,0,0,0,0,0,0,0,0,265,265,265,265,0,0,0,0,88050,136
0,0,0,0,0,0,0,0,0,0,0,0,0,0,0,0,0,0,0,0,0,0,0,0,0,0,0,0,0,0,0,0,0,0,0,0,265,265,265,265,0,0,0,0,88302,126
0,0,0,0,0,0,0,0,0,0,0,0,0,0,0,0,0,0,0,0,0,0,0,0,0,0,0,0,0,0,0,0,0,0,0,0,265,265,265,265,0,0,0,0,88536,117
0,0,0,0,0,0,0,0,0,0,0,0,0,0,0,0,0,0,0,0,0,0,0,0,0,0,0,0,0,0,0,0,0,0,0,0,265,265,265,265,0,0,0,0,88746,105
0,0,0,0,0,0,0,0,0,0,0,0,0,0,0,0,0,0,0,0,0,0,0,0,0,0,0,0,0,0,0,0,0,0,0,0,0,0,265,265,0,0,0,0,88922,88
0,0,0,0,0,0,0,0,0,0,0,0,0,0,0,0,0,0,0,0,0,0,0,0,0,0,0,0,0,0,0,0,0,0,0,0,0,0,265,265,0,0,0,0,89082,80
0,0,0,0,0,0,0,0,0,0,0,0,0,0,0,0,0,0,0,0,0,0,0,0,0,0,0,0,0,0,0,0,0,0,0,0,0,0,265,265,0,0,0,0,89216,67
0,0,0,0,0,0,0,0,0,0,0,0,0,0,0,0,0,0,0,0,0,0,0,0,0,0,0,0,0,0,0,0,0,0,0,0,0,0,265,265,0,0,0,0,89316,50
0,0,0,0,0,0,0,0,0,0,0,0,0,0,0,0,0,0,0,0,0,0,0,0,0,0,0,0,0,0,0,0,0,0,0,0,0,0,265,265,0,0,0,0,89396,40
0,0,0,0,0,0,0,0,0,0,0,0,0,0,0,0,0,0,0,0,0,0,0,0,0,0,0,0,0,0,0,0,0,0,0,0,0,0,265,265,0,0,0,0,89454,29
0,0,0,0,0,0,0,0,0,0,0,0,0,0,0,0,0,0,0,0,0,0,0,0,0,0,0,0,0,0,0,0,0,0,0,0,0,0,265,265,0,0,0,0,89486,16
0,0,0,0,0,0,0,0,0,0,0,0,0,0,0,0,0,0,0,0,0,0,0,0,0,0,0,0,0,0,0,0,0,0,0,0,0,0,265,265,0,0,0,0,89508,11
0,0,0,0,0,0,0,0,0,0,0,0,0,0,0,0,0,0,0,0,0,0,0,0,0,0,0,0,0,0,0,0,0,0,0,0,0,0,265,265,0,0,0,0,89530,11
0,0,0,0,0,0,0,0,0,0,0,0,0,0,0,0,0,0,0,0,0,0,0,0,0,0,0,0,0,0,0,0,0,0,0,0,0,0,265,265,0,0,0,0,89552,11
0,0,0,0,0,0,0,0,0,0,0,0,0,0,0,0,0,0,0,0,0,0,0,0,0,0,0,0,0,0,0,0,0,0,0,0,0,0,245,245,0,0,0,0,89574,11
0,0,0,0,0,0,0,0,60,60,60,60,0,0,0,0,0,0,0,0,0,0,0,0,0,0,0,0,0,0,0,0,0,0,0,0,0,0,0,0,0,0,0,0,76,38
0,0,0,0,0,0,0,0,155,155,155,155,0,0,0,0,0,0,0,0,0,0,0,0,0,0,0,0,0,0,0,0,0,0,0,0,0,0,0,0,0,0,0,0,310,117
0,0,0,0,0,0,0,0,211,208,240,240,0,0,0,0,0,0,0,0,0,0,0,0,0,0,0,0,0,0,0,0,0,0,0,0,0,0,0,0,0,0,0,0,672,181
0,0,0,0,0,0,0,0,207,204,240,240,0,0,0,0,0,0,0,0,0,0,0,0,0,0,0,0,0,0,0,0,0,0,0,0,0,0,0,0,0,0,0,0,1042,185
0,0,0,0,0,0,0,0,204,201,240,240,0,0,0,0,0,0,0,0,0,0,0,0,0,0,0,0,0,0,0,0,0,0,0,0,0,0,0,0,0,0,0,0,1420,189
0,0,0,0,0,0,0,0,202,199,240,240,0,0,0,0,0,0,0,0,0,0,0,0,0,0,0,0,0,0,0,0,0,0,0,0,0,0,0,0,0,0,0,0,1802,191
0,0,0,0,0,0,0,0,202,199,240,240,0,0,0,0,0,0,0,0,0,0,0,0,0,0,0,0,0,0,0,0,0,0,0,0,0,0,0,0,0,0,0,0,2184,191
0,0,0,0,0,0,0,0,197,195,240,240,0,0,0,0,0,0,0,0,0,0,0,0,0,0,0,0,0,0,0,0,0,0,0,0,0,0,0,0,0,0,0,0,2578,197
0,0,0,0,0,0,0,0,189,187,240,240,0,0,0,0,0,0,0,0,0,0,0,0,0,0,0,0,0,0,0,0,0,0,0,0,0,0,0,0,0,0,0,0,2990,206
0,0,0,0,0,0,0,0,176,174,226,225,0,0,0,0,0,0,0,0,0,0,0,0,0,0,0,0,0,0,0,0,0,0,0,0,0,0,0,0,0,0,0,0,3406,208
0,0,0,0,0,0,0,0,165,164,212,211,0,0,0,0,0,0,0,0,0,0,0,0,0,0,0,0,0,0,0,0,0,0,0,0,0,0,0,0,0,0,0,0,3822,208
0,0,0,0,0,0,0,0,156,155,198,197,0,0,0,0,0,0,0,0,0,0,0,0,0,0,0,0,0,0,0,0,0,0,0,0,0,0,0,0,0,0,0,0,4238,208
0,0,0,0,0,0,0,0,148,148,185,185,0,0,0,0,0,0,0,0,0,0,0,0,0,0,0,0,0,0,0,0,0,0,0,0,0,0,0,0,4,4,0,0,4654,208
0,0,0,0,0,0,0,0,143,142,175,175,0,0,0,0,0,0,0,0,0,0,0,0,0,0,0,0,0,0,0,0,0,0,0,0,0,0,0,0,110,111,0,0,5080,213
0,0,0,0,0,0,0,0,146,145,190,189,0,0,0,0,0,0,0,0,0,0,0,0,0,0,0,0,0,0,0,0,0,0,0,0,0,0,0,0,221,221,0,0,5596,258
0,0,0,0,0,0,0,0,146,145,192,191,0,0,0,0,0,0,0,0,0,0,0,0,0,0,0,0,0,0,0,0,0,0,0,0,0,0,0,0,290,290,0,0,6176,290
0,0,0,0,0,0,0,0,144,143,184,184,47,46,47,47,0,0,0,0,0,0,0,0,0,0,0,0,0,0,0,0,0,0,0,0,0,0,0,0,290,290,0,0,6770,297
0,0,0,0,0,0,0,0,142,140,178,178,145,145,145,145,0,0,0,0,0,0,0,0,0,0,0,0,0,0,0,0,0,0,0,0,0,0,0,0,290,290,0,0,7374,302
0,0,0,0,0,0,0,0,142,141,178,178,244,244,244,243,0,0,0,0,0,0,0,0,0,0,0,0,0,0,0,0,0,0,0,0,0,0,0,0,290,290,0,0,8006,316
0,0,0,0,0,0,0,0,143,142,177,177,265,265,265,265,0,0,0,0,0,0,0,0,0,0,0,0,0,0,0,0,0,0,0,0,0,0,0,0,290,290,0,0,8698,346
0,0,0,0,0,0,0,0,144,143,175,175,265,265,265,265,0,0,0,0,0,0,0,0,0,0,0,0,0,0,0,0,0,0,0,0,0,0,0,0,290,290,0,0,9410,356
0,0,0,0,0,0,0,0,146,145,172,173,265,265,265,265,0,0,0,0,0,0,0,0,0,0,0,0,0,0,0,0,0,0,0,0,0,0,0,0,290,290,0,0,10148,369
0,0,0,0,0,0,0,0,149,148,171,172,265,265,265,265,0,0,0,0,0,0,0,0,0,0,0,0,0,0,0,0,0,0,0,0,0,0,0,0,290,290,0,0,10908,380
0,0,0,0,0,0,0,0,152,151,171,172,265,265,265,265,0,0,0,0,0,0,0,0,0,0,0,0,0,0,0,0,0,0,0,0,0,0,0,0,290,290,0,0,11696,394
0,0,0,0,0,0,0,0,156,155,172,173,265,265,265,265,0,0,0,0,0,0,0,0,0,0,0,0,0,0,0,0,0,0,0,0,0,0,0,0,290,290,0,0,12512,408
0,0,0,0,0,0,0,0,162,161,174,175,265,265,265,265,0,0,0,0,0,0,0,0,0,0,0,0,0,0,0,0,0,0,0,0,0,0,0,0,290,290,0,0,13354,421
0,0,0,0,0,0,0,0,169,169,177,179,265,265,265,265,0,0,0,0,0,0,0,0,0,0,0,0,0,0,0,0,0,0,0,0,0,0,0,0,290,290,0,0,14226,436
0,0,0,0,0,0,0,0,183,183,183,185,265,265,265,265,0,0,0,0,0,0,0,0,0,0,0,0,0,0,0,0,0,0,0,0,0,0,0,0,290,290,0,0,15134,454
0,0,0,0,0,0,0,0,198,198,190,192,265,265,265,265,0,0,0,0,0,0,0,0,0,0,0,0,0,0,0,0,0,0,0,0,0,0,0,0,290,290,0,0,16068,467
0,0,0,0,0,0,0,0,217,218,198,201,265,265,265,265,47,47,47,47,0,0,0,0,0,0,0,0,0,0,0,0,0,0,0,0,0,0,0,0,290,290,0,0,17030,481
0,0,0,0,0,0,0,0,238,238,210,213,265,265,265,265,147,147,147,147,0,0,0,0,0,0,0,0,0,0,0,0,0,0,0,0,0,0,0,0,290,290,0,0,18016,493
0,0,0,0,0,0,0,0,240,240,218,221,265,265,265,265,248,248,248,248,0,0,0,0,0,0,0,0,0,0,0,0,0,0,0,0,0,0,0,0,290,290,0,0,19000,492
0,0,0,0,0,0,0,0,240,240,227,230,265,265,265,265,265,265,265,265,0,0,0,0,0,0,0,0,0,0,0,0,0,0,0,0,0,0,0,0,290,290,0,0,20002,501
0,0,0,0,0,0,0,0,240,240,234,238,265,265,265,265,265,265,265,265,0,0,0,0,0,0,0,0,0,0,0,0,0,0,0,0,0,0,0,0,290,290,0,0,20970,484
0,0,0,0,0,0,0,0,240,240,240,240,265,265,265,265,265,265,265,265,0,0,0,0,0,0,0,0,0,0,0,0,0,0,0,0,0,0,0,0,290,290,0,0,21922,476
0,0,0,0,0,0,0,0,240,240,240,240,265,265,265,265,265,265,265,265,0,0,0,0,0,0,0,0,0,0,0,0,0,0,0,0,0,0,0,0,290,290,0,0,22866,472
0,0,0,0,0,0,0,0,240,240,240,240,265,265,265,265,265,265,265,265,0,0,0,0,0,0,0,0,0,0,0,0,0,0,0,0,0,0,0,0,290,290,0,0,23800,467
0,0,0,0,0,0,0,0,240,240,240,240,265,265,265,265,265,265,265,265,0,0,0,0,0,0,0,0,0,0,0,0,0,0,0,0,0,0,0,0,290,290,0,0,24730,465
0,0,0,0,0,0,0,0,110,110,110,110,265,265,265,265,265,265,265,265,0,0,0,0,0,0,0,0,0,0,0,0,0,0,0,0,0,0,0,0,290,290,0,0,25656,463
0,0,0,0,0,0,0,0,0,0,0,0,265,265,265,265,265,265,265,265,0,0,0,0,0,0,0,0,0,0,0,0,0,0,0,0,0,0,0,0,290,290,0,0,26472,408
0,0,0,0,0,0,0,0,0,0,0,0,265,265,265,265,265,265,265,265,0,0,0,0,0,0,0,0,0,0,0,0,0,0,0,0,0,0,0,0,290,290,0,0,27306,417
0,0,0,0,0,0,0,0,0,0,0,0,265,265,265,265,265,265,265,265,0,0,0,0,0,0,0,0,0,0,0,0,0,0,0,0,0,0,0,0,290,290,0,0,28154,424
0,0,0,0,0,0,0,0,0,0,0,0,265,265,265,265,265,265,265,265,0,0,0,0,0,0,0,0,0,0,0,0,0,0,0,0,0,0,0,0,290,290,0,0,29010,428
0,0,0,0,0,0,0,0,0,0,0,0,265,265,265,265,265,265,265,265,58,58,58,58,0,0,0,0,0,0,0,0,0,0,0,0,0,0,0,0,290,290,0,0,29870,430
0,0,0,0,0,0,0,0,0,0,0,0,265,265,265,265,265,265,265,265,159,159,159,159,0,0,0,0,0,0,0,0,0,0,0,0,0,0,0,0,290,290,0,0,30724,427
0,0,0,0,0,0,0,0,0,0,0,0,265,265,265,265,265,265,265,265,265,265,265,265,0,0,0,0,0,0,0,0,0,0,0,0,0,0,0,0,290,290,0,0,31578,427
0,0,0,0,0,0,0,0,0,0,0,0,265,265,265,265,265,265,265,265,265,265,265,265,0,0,0,0,0,0,0,0,0,0,0,0,0,0,0,0,290,290,0,0,32422,422
0,0,0,0,0,0,0,0,0,0,0,0,265,265,265,265,265,265,265,265,265,265,265,265,0,0,0,0,0,0,0,0,0,0,0,0,0,0,0,0,290,290,0,0,33256,417
0,0,0,0,0,0,0,0,0,0,0,0,265,265,265,265,265,265,265,265,265,265,265,265,0,0,0,0,0,0,0,0,0,0,0,0,0,0,0,0,290,290,0,0,34074,409
0,0,0,0,0,0,0,0,0,0,0,0,265,265,265,265,265,265,265,265,265,265,265,265,0,0,0,0,0,0,0,0,0,0,0,0,0,0,0,0,290,290,0,0,34878,402
0,0,0,0,0,0,0,0,0,0,0,0,265,265,265,265,265,265,265,265,265,265,265,265,0,0,0,0,0,0,0,0,0,0,0,0,0,0,0,0,290,290,0,0,35672,397
0,0,0,0,0,0,0,0,0,0,0,0,265,265,265,265,265,265,265,265,265,265,265,265,0,0,0,0,0,0,0,0,0,0,0,0,0,0,0,0,290,290,0,0,36464,396
0,0,0,0,0,0,0,0,0,0,0,0,265,265,265,265,265,265,265,265,265,265,265,265,0,0,0,0,0,0,0,0,0,0,0,0,0,0,0,0,290,290,0,0,37260,398
0,0,0,0,0,0,0,0,0,0,0,0,265,265,265,265,265,265,265,265,265,265,265,265,0,0,0,0,0,0,0,0,0,0,0,0,0,0,0,0,290,290,0,0,38052,396
0,0,0,0,0,0,0,0,0,0,0,0,175,175,175,175,265,265,265,265,265,265,265,265,0,0,0,0,0,0,0,0,0,0,0,0,0,0,0,0,290,290,0,0,38832,390
0,0,0,0,0,0,0,0,0,0,0,0,0,0,0,0,265,265,265,265,265,265,265,265,0,0,0,0,0,0,0,0,0,0,0,0,0,0,0,0,290,290,0,0,39596,382
0,0,0,0,0,0,0,0,0,0,0,0,0,0,0,0,265,265,265,265,265,265,265,265,0,0,0,0,0,0,0,0,0,0,0,0,0,0,0,0,290,290,0,0,40350,377
0,0,0,0,0,0,0,0,0,0,0,0,0,0,0,0,265,265,265,265,265,265,265,265,0,0,0,0,0,0,0,0,0,0,0,0,0,0,0,0,290,290,0,0,41092,371
0,0,0,0,0,0,0,0,0,0,0,0,0,0,0,0,265,265,265,265,265,265,265,265,0,0,0,0,0,0,0,0,0,0,0,0,0,0,0,0,290,290,0,0,41824,366
0,0,0,0,0,0,0,0,0,0,0,0,0,0,0,0,265,265,265,265,265,265,265,265,0,0,0,0,0,0,0,0,0,0,0,0,0,0,0,0,290,290,0,0,42542,359
0,0,0,0,0,0,0,0,0,0,0,0,0,0,0,0,265,265,265,265,265,265,265,265,79,79,79,79,0,0,0,0,0,0,0,0,0,0,0,0,290,290,0,0,43242,350
0,0,0,0,0,0,0,0,0,0,0,0,0,0,0,0,265,265,265,265,265,265,265,265,191,191,191,191,0,0,0,0,0,0,0,0,0,0,0,0,290,290,0,0,43938,348
0,0,0,0,0,0,0,0,0,0,0,0,0,0,0,0,265,265,265,265,265,265,265,265,265,265,265,265,0,0,0,0,0,0,0,0,0,0,0,0,290,290,0,0,44660,361
0,0,0,0,0,0,0,0,0,0,0,0,0,0,0,0,265,265,265,265,265,265,265,265,265,265,265,265,0,0,0,0,0,0,0,0,0,0,0,0,290,290,104,104,45376,358
0,0,0,0,0,0,0,0,0,0,0,0,0,0,0,0,265,265,265,265,265,265,265,265,265,265,265,265,0,0,0,0,0,0,0,0,0,0,0,0,290,290,227,227,46080,352
0,0,0,0,0,0,0,0,0,0,0,0,0,0,0,0,265,265,265,265,265,265,265,265,265,265,265,265,0,0,0,0,0,0,0,0,0,0,0,0,290,290,290,290,46786,353
0,0,0,0,0,0,0,0,0,0,0,0,0,0,0,0,265,265,265,265,265,265,265,265,265,265,265,265,0,0,0,0,0,0,0,0,0,0,0,0,290,290,290,290,47482,348
0,0,0,0,0,0,0,0,0,0,0,0,0,0,0,0,265,265,265,265,265,265,265,265,265,265,265,265,0,0,0,0,0,0,0,0,0,0,0,0,290,290,290,290,48162,340
0,0,0,0,0,0,0,0,0,0,0,0,0,0,0,0,75,75,75,75,265,265,265,265,265,265,265,265,0,0,0,0,0,0,0,0,0,0,0,0,290,290,290,290,48822,330
0,0,0,0,0,0,0,0,0,0,0,0,0,0,0,0,0,0,0,0,265,265,265,265,265,265,265,265,0,0,0,0,0,0,0,0,0,0,0,0,290,290,290,290,49474,326
0,0,0,0,0,0,0,0,0,0,0,0,0,0,0,0,0,0,0,0,265,265,265,265,265,265,265,265,0,0,0,0,0,0,0,0,0,0,0,0,290,290,290,290,50124,325
0,0,0,0,0,0,0,0,0,0,0,0,0,0,0,0,0,0,0,0,265,265,265,265,265,265,265,265,0,0,0,0,0,0,0,0,0,0,0,0,290,290,290,290,50772,324
0,0,0,0,0,0,0,0,0,0,0,0,0,0,0,0,0,0,0,0,265,265,265,265,265,265,265,265,22,22,11,11,0,0,0,0,0,0,0,0,290,290,290,290,51414,321
0,0,0,0,0,0,0,0,0,0,0,0,0,0,0,0,0,0,0,0,265,265,265,265,265,265,265,265,127,127,127,127,0,0,0,0,0,0,0,0,290,290,290,290,52046,316
0,0,0,0,0,0,0,0,0,0,0,0,0,0,0,0,0,0,0,0,265,265,265,265,265,265,265,265,228,228,228,228,0,0,0,0,0,0,0,0,290,290,290,290,52676,315
0,0,0,0,0,0,0,0,0,0,0,0,0,0,0,0,0,0,0,0,265,265,265,265,265,265,265,265,265,265,265,265,0,0,0,0,0,0,0,0,290,290,290,290,53308,316
0,0,0,0,0,0,0,0,0,0,0,0,0,0,0,0,0,0,0,0,265,265,265,265,265,265,265,265,265,265,265,265,0,0,0,0,0,0,0,0,290,290,290,290,53940,316
0,0,0,0,0,0,0,0,0,0,0,0,0,0,0,0,0,0,0,0,265,265,265,265,265,265,265,265,265,265,265,265,0,0,0,0,0,0,0,0,290,290,290,290,54568,314
0,0,0,0,0,0,0,0,0,0,0,0,0,0,0,0,0,0,0,0,265,265,265,265,265,265,265,265,265,265,265,265,0,0,0,0,0,0,0,0,290,290,290,290,55194,313
0,0,0,0,0,0,0,0,0,0,0,0,0,0,0,0,0,0,0,0,265,265,265,265,265,265,265,265,265,265,265,265,0,0,0,0,0,0,0,0,290,290,290,290,55816,311
0,0,0,0,0,0,0,0,0,0,0,0,0,0,0,0,0,0,0,0,265,265,265,265,265,265,265,265,265,265,265,265,0,0,0,0,0,0,0,0,290,290,290,290,56434,309
0,0,0,0,0,0,0,0,0,0,0,0,0,0,0,0,0,0,0,0,185,185,185,185,265,265,265,265,265,265,265,265,0,0,0,0,0,0,0,0,210,210,290,290,57050,308
0,0,0,0,0,0,0,0,0,0,0,0,0,0,0,0,0,0,0,0,0,0,0,0,265,265,265,265,265,265,265,265,0,0,0,0,0,0,0,0,0,0,290,290,57604,277
0,0,0,0,0,0,0,0,0,0,0,0,0,0,0,0,0,0,0,0,0,0,0,0,265,265,265,265,265,265,265,265,0,0,0,0,0,0,0,0,0,0,290,290,58166,281
0,0,0,0,0,0,0,0,0,0,0,0,0,0,0,0,0,0,0,0,0,0,0,0,265,265,265,265,265,265,265,265,0,0,0,0,0,0,0,0,0,0,290,290,58732,283
0,0,0,0,0,0,0,0,0,0,0,0,0,0,0,0,0,0,0,0,0,0,0,0,265,265,265,265,265,265,265,265,0,0,0,0,0,0,0,0,0,0,290,290,59296,282
0,0,0,0,0,0,0,0,0,0,0,0,0,0,0,0,0,0,0,0,0,0,0,0,265,265,265,265,265,265,265,265,3,0,0,0,0,0,0,0,0,0,290,290,59860,282
0,0,0,0,0,0,0,0,0,0,0,0,0,0,0,0,0,0,0,0,0,0,0,0,265,265,265,265,265,265,265,265,101,105,0,0,0,0,0,0,0,0,290,290,60420,280
0,0,0,0,0,0,0,0,0,0,0,0,0,0,0,0,0,0,0,0,0,0,0,0,265,265,265,265,265,265,265,265,196,196,0,0,0,0,0,0,0,0,290,290,60978,279
0,0,0,0,0,0,0,0,0,0,0,0,0,0,0,0,0,0,0,0,0,0,0,0,265,265,265,265,265,265,265,265,265,265,0,0,0,0,0,0,0,0,290,290,61540,281
0,0,0,0,0,0,0,0,0,0,0,0,0,0,0,0,0,0,0,0,0,0,0,0,265,265,265,265,265,265,265,265,265,265,0,0,0,0,0,0,0,0,290,290,62100,280
0,0,0,0,0,0,0,0,0,0,0,0,0,0,0,0,0,0,0,0,0,0,0,0,265,265,265,265,265,265,265,265,265,265,0,0,0,0,0,0,0,0,290,290,62654,277
0,0,0,0,0,0,0,0,0,0,0,0,0,0,0,0,0,0,0,0,0,0,0,0,265,265,265,265,265,265,265,265,265,265,0,0,0,0,0,0,0,0,290,290,63200,273
0,0,0,0,0,0,0,0,0,0,0,0,0,0,0,0,0,0,0,0,0,0,0,0,265,265,265,265,265,265,265,265,265,265,0,0,0,0,0,0,0,0,290,290,63744,272
0,0,0,0,0,0,0,0,0,0,0,0,0,0,0,0,0,0,0,0,0,0,0,0,265,265,265,265,265,265,265,265,265,265,0,0,0,0,0,0,0,0,290,290,64282,269
0,0,0,0,0,0,0,0,0,0,0,0,0,0,0,0,0,0,0,0,0,0,0,0,265,265,265,265,265,265,265,265,265,265,0,0,0,0,0,0,0,0,290,290,64818,268
0,0,0,0,0,0,0,0,0,0,0,0,0,0,0,0,0,0,0,0,0,0,0,0,265,265,265,265,265,265,265,265,265,265,0,0,0,0,0,0,0,0,290,290,65354,268
0,0,0,0,0,0,0,0,0,0,0,0,0,0,0,0,0,0,0,0,0,0,0,0,265,265,265,265,265,265,265,265,265,265,48,48,0,0,0,0,0,0,290,290,65886,266
0,0,0,0,0,0,0,0,0,0,0,0,0,0,0,0,0,0,0,0,0,0,0,0,165,165,165,165,265,265,265,265,265,265,159,148,0,0,0,0,0,0,290,290,66420,267
0,0,0,0,0,0,0,0,0,0,0,0,0,0,0,0,0,0,0,0,0,0,0,0,0,0,0,0,265,265,265,265,265,265,260,260,0,0,0,0,0,0,290,290,66940,260
0,0,0,0,0,0,0,0,0,0,0,0,0,0,0,0,0,0,0,0,0,0,0,0,0,0,0,0,265,265,265,265,265,265,265,265,0,0,0,0,0,0,290,290,67472,266
0,0,0,0,0,0,0,0,0,0,0,0,0,0,0,0,0,0,0,0,0,0,0,0,0,0,0,0,265,265,265,265,265,265,265,265,0,0,0,0,0,0,290,290,68004,266
0,0,0,0,0,0,0,0,0,0,0,0,0,0,0,0,0,0,0,0,0,0,0,0,0,0,0,0,265,265,265,265,265,265,265,265,0,0,0,0,0,0,290,290,68536,266
0,0,0,0,0,0,0,0,0,0,0,0,0,0,0,0,0,0,0,0,0,0,0,0,0,0,0,0,265,265,265,265,265,265,265,265,0,0,0,0,0,0,290,290,69068,266
0,0,0,0,0,0,0,0,0,0,0,0,0,0,0,0,0,0,0,0,0,0,0,0,0,0,0,0,265,265,265,265,265,265,265,265,0,0,0,0,0,0,290,290,69600,266
0,0,0,0,0,0,0,0,0,0,0,0,0,0,0,0,0,0,0,0,0,0,0,0,0,0,0,0,265,265,265,265,265,265,265,265,0,0,0,0,0,0,290,290,70130,265
0,0,0,0,0,0,0,0,0,0,0,0,0,0,0,0,0,0,0,0,0,0,0,0,0,0,0,0,265,265,265,265,265,265,265,265,0,0,0,0,0,0,290,290,70656,263
0,0,0,0,0,0,0,0,0,0,0,0,0,0,0,0,0,0,0,0,0,0,0,0,0,0,0,0,265,265,265,265,265,265,265,265,0,0,0,0,0,0,290,290,71182,263
0,0,0,0,0,0,0,0,0,0,0,0,0,0,0,0,0,0,0,0,0,0,0,0,0,0,0,0,265,265,265,265,265,265,265,265,36,36,0,0,0,0,290,290,71704,261
0,0,0,0,0,0,0,0,0,0,0,0,0,0,0,0,0,0,0,0,0,0,0,0,0,0,0,0,265,265,265,265,265,265,265,265,137,137,0,0,0,0,290,290,72222,259
0,0,0,0,0,0,0,0,0,0,0,0,0,0,0,0,0,0,0,0,0,0,0,0,0,0,0,0,265,265,265,265,265,265,265,265,234,233,0,0,0,0,290,290,72734,256
0,0,0,0,0,0,0,0,0,0,0,0,0,0,0,0,0,0,0,0,0,0,0,0,0,0,0,0,145,145,145,145,265,265,265,265,265,265,0,0,0,0,290,290,73256,261
0,0,0,0,0,0,0,0,0,0,0,0,0,0,0,0,0,0,0,0,0,0,0,0,0,0,0,0,0,0,0,0,265,265,265,265,265,265,0,0,0,0,290,290,73758,251
0,0,0,0,0,0,0,0,0,0,0,0,0,0,0,0,0,0,0,0,0,0,0,0,0,0,0,0,0,0,0,0,265,265,265,265,265,265,0,0,0,0,290,290,74260,251
0,0,0,0,0,0,0,0,0,0,0,0,0,0,0,0,0,0,0,0,0,0,0,0,0,0,0,0,0,0,0,0,265,265,265,265,265,265,0,0,0,0,290,290,74762,251
0,0,0,0,0,0,0,0,0,0,0,0,0,0,0,0,0,0,0,0,0,0,0,0,0,0,0,0,0,0,0,0,265,265,265,265,265,265,0,0,0,0,290,290,75262,250
0,0,0,0,0,0,0,0,0,0,0,0,0,0,0,0,0,0,0,0,0,0,0,0,0,0,0,0,0,0,0,0,265,265,265,265,265,265,0,0,0,0,290,290,75758,248
0,0,0,0,0,0,0,0,0,0,0,0,0,0,0,0,0,0,0,0,0,0,0,0,0,0,0,0,0,0,0,0,265,265,265,265,265,265,0,0,0,0,290,290,76250,246
0,0,0,0,0,0,0,0,0,0,0,0,0,0,0,0,0,0,0,0,0,0,0,0,0,0,0,0,0,0,0,0,265,265,265,265,265,265,0,0,0,0,290,290,76738,244
0,0,0,0,0,0,0,0,0,0,0,0,0,0,0,0,0,0,0,0,0,0,0,0,0,0,0,0,0,0,0,0,265,265,265,265,265,265,36,36,0,0,290,290,77220,241
0,0,0,0,0,0,0,0,0,0,0,0,0,0,0,0,0,0,0,0,0,0,0,0,0,0,0,0,0,0,0,0,265,265,265,265,265,265,142,142,0,0,290,290,77700,240
0,0,0,0,0,0,0,0,0,0,0,0,0,0,0,0,0,0,0,0,0,0,0,0,0,0,0,0,0,0,0,0,265,265,265,265,265,265,239,238,0,0,290,290,78180,240
0,0,0,0,0,0,0,0,0,0,0,0,0,0,0,0,0,0,0,0,0,0,0,0,0,0,0,0,0,0,0,0,265,265,265,265,265,265,265,265,0,0,290,290,78660,240
0,0,0,0,0,0,0,0,0,0,0,0,0,0,0,0,0,0,0,0,0,0,0,0,0,0,0,0,0,0,0,0,265,265,265,265,265,265,265,265,0,0,290,290,79140,240
0,0,0,0,0,0,0,0,0,0,0,0,0,0,0,0,0,0,0,0,0,0,0,0,0,0,0,0,0,0,0,0,265,265,265,265,265,265,265,265,0,0,290,290,79616,238
0,0,0,0,0,0,0,0,0,0,0,0,0,0,0,0,0,0,0,0,0,0,0,0,0,0,0,0,0,0,0,0,85,85,265,265,265,265,265,265,0,0,290,290,80092,238
0,0,0,0,0,0,0,0,0,0,0,0,0,0,0,0,0,0,0,0,0,0,0,0,0,0,0,0,0,0,0,0,0,0,265,265,265,265,265,265,0,0,290,290,80560,234
0,0,0,0,0,0,0,0,0,0,0,0,0,0,0,0,0,0,0,0,0,0,0,0,0,0,0,0,0,0,0,0,0,0,265,265,265,265,265,265,0,0,290,290,81026,233
0,0,0,0,0,0,0,0,0,0,0,0,0,0,0,0,0,0,0,0,0,0,0,0,0,0,0,0,0,0,0,0,0,0,265,265,265,265,265,265,0,0,290,290,81488,231
0,0,0,0,0,0,0,0,0,0,0,0,0,0,0,0,0,0,0,0,0,0,0,0,0,0,0,0,0,0,0,0,0,0,265,265,265,265,265,265,0,0,290,290,81948,230
0,0,0,0,0,0,0,0,0,0,0,0,0,0,0,0,0,0,0,0,0,0,0,0,0,0,0,0,0,0,0,0,0,0,265,265,265,265,265,265,0,0,290,290,82404,228
0,0,0,0,0,0,0,0,0,0,0,0,0,0,0,0,0,0,0,0,0,0,0,0,0,0,0,0,0,0,0,0,0,0,265,265,265,265,265,265,0,0,290,290,82856,226
0,0,0,0,0,0,0,0,0,0,0,0,0,0,0,0,0,0,0,0,0,0,0,0,0,0,0,0,0,0,0,0,0,0,265,265,265,265,265,265,0,0,290,290,83302,223
0,0,0,0,0,0,0,0,0,0,0,0,0,0,0,0,0,0,0,0,0,0,0,0,0,0,0,0,0,0,0,0,0,0,265,265,265,265,265,265,0,0,290,290,83748,223
0,0,0,0,0,0,0,0,0,0,0,0,0,0,0,0,0,0,0,0,0,0,0,0,0,0,0,0,0,0,0,0,0,0,265,265,265,265,265,265,0,0,290,290,84188,220
0,0,0,0,0,0,0,0,0,0,0,0,0,0,0,0,0,0,0,0,0,0,0,0,0,0,0,0,0,0,0,0,0,0,245,245,265,265,265,265,0,0,270,270,84618,215
0,0,0,0,0,0,0,0,0,0,0,0,0,0,0,0,0,0,0,0,0,0,0,0,0,0,0,0,0,0,0,0,0,0,0,0,265,265,265,265,0,0,0,0,85030,206
0,0,0,0,0,0,0,0,0,0,0,0,0,0,0,0,0,0,0,0,0,0,0,0,0,0,0,0,0,0,0,0,0,0,0,0,265,265,265,265,0,0,0,0,85432,201
0,0,0,0,0,0,0,0,0,0,0,0,0,0,0,0,0,0,0,0,0,0,0,0,0,0,0,0,0,0,0,0,0,0,0,0,265,265,265,265,0,0,0,0,85828,198
0,0,0,0,0,0,0,0,0,0,0,0,0,0,0,0,0,0,0,0,0,0,0,0,0,0,0,0,0,0,0,0,0,0,0,0,265,265,265,265,0,0,0,0,86220,196
0,0,0,0,0,0,0,0,0,0,0,0,0,0,0,0,0,0,0,0,0,0,0,0,0,0,0,0,0,0,0,0,0,0,0,0,265,265,265,265,0,0,0,0,86602,191
0,0,0,0,0,0,0,0,0,0,0,0,0,0,0,0,0,0,0,0,0,0,0,0,0,0,0,0,0,0,0,0,0,0,0,0,265,265,265,265,0,0,0,0,86952,175
0,0,0,0,0,0,0,0,0,0,0,0,0,0,0,0,0,0,0,0,0,0,0,0,0,0,0,0,0,0,0,0,0,0,0,0,265,265,265,265,0,0,0,0,87266,157
0,0,0,0,0,0,0,0,0,0,0,0,0,0,0,0,0,0,0,0,0,0,0,0,0,0,0,0,0,0,0,0,0,0,0,0,265,265,265,265,0,0,0,0,87544,139
0,0,0,0,0,0,0,0,0,0,0,0,0,0,0,0,0,0,0,0,0,0,0,0,0,0,0,0,0,0,0,0,0,0,0,0,265,265,265,265,0,0,0,0,87806,131
0,0,0,0,0,0,0,0,0,0,0,0,0,0,0,0,0,0,0,0,0,0,0,0,0,0,0,0,0,0,0,0,0,0,0,0,265,265,265,265,0,0,0,0,88046,120
0,0,0,0,0,0,0,0,0,0,0,0,0,0,0,0,0,0,0,0,0,0,0,0,0,0,0,0,0,0,0,0,0,0,0,0,225,225,265,265,0,0,0,0,88264,109
0,0,0,0,0,0,0,0,0,0,0,0,0,0,0,0,0,0,0,0,0,0,0,0,0,0,0,0,0,0,0,0,0,0,0,0,0,0,265,265,0,0,0,0,88450,93
0,0,0,0,0,0,0,0,0,0,0,0,0,0,0,0,0,0,0,0,0,0,0,0,0,0,0,0,0,0,0,0,0,0,0,0,0,0,265,265,0,0,0,0,88616,83
0,0,0,0,0,0,0,0,0,0,0,0,0,0,0,0,0,0,0,0,0,0,0,0,0,0,0,0,0,0,0,0,0,0,0,0,0,0,265,265,0,0,0,0,88760,72
0,0,0,0,0,0,0,0,0,0,0,0,0,0,0,0,0,0,0,0,0,0,0,0,0,0,0,0,0,0,0,0,0,0,0,0,0,0,265,265,0,0,0,0,88872,56
0,0,0,0,0,0,0,0,0,0,0,0,0,0,0,0,0,0,0,0,0,0,0,0,0,0,0,0,0,0,0,0,0,0,0,0,0,0,265,265,0,0,0,0,88960,44
0,0,0,0,0,0,0,0,0,0,0,0,0,0,0,0,0,0,0,0,0,0,0,0,0,0,0,0,0,0,0,0,0,0,0,0,0,0,265,265,0,0,0,0,89024,32
0,0,0,0,0,0,0,0,0,0,0,0,0,0,0,0,0,0,0,0,0,0,0,0,0,0,0,0,0,0,0,0,0,0,0,0,0,0,265,265,0,0,0,0,89056,16
0,0,0,0,0,0,0,0,0,0,0,0,0,0,0,0,0,0,0,0,0,0,0,0,0,0,0,0,0,0,0,0,0,0,0,0,0,0,265,265,0,0,0,0,89078,11
0,0,0,0,0,0,0,0,0,0,0,0,0,0,0,0,0,0,0,0,0,0,0,0,0,0,0,0,0,0,0,0,0,0,0,0,0,0,265,265,0,0,0,0,89100,11
0,0,0,0,0,0,0,0,0,0,0,0,0,0,0,0,0,0,0,0,0,0,0,0,0,0,0,0,0,0,0,0,0,0,0,0,0,0,265,265,0,0,0,0,89122,11
0,0,0,0,0,0,0,0,0,0,0,0,0,0,0,0,0,0,0,0,0,0,0,0,0,0,0,0,0,0,0,0,0,0,0,0,0,0,235,235,0,0,0,0,89144,11
0,0,0,0,0,0,0,0,22,22,22,22,0,0,0,0,0,0,0,0,0,0,0,0,0,0,0,0,0,0,0,0,0,0,0,0,0,0,0,0,0,0,0,0,28,14
0,0,0,0,0,0,0,0,110,109,109,109,0,0,0,0,0,0,0,0,0,0,0,0,0,0,0,0,0,0,0,0,0,0,0,0,0,0,0,0,0,0,0,0,178,75
0,0,0,0,0,0,0,0,194,194,194,194,0,0,0,0,0,0,0,0,0,0,0,0,0,0,0,0,0,0,0,0,0,0,0,0,0,0,0,0,0,0,0,0,478,150
0,0,0,0,0,0,0,0,211,208,240,240,0,0,0,0,0,0,0,0,0,0,0,0,0,0,0,0,0,0,0,0,0,0,0,0,0,0,0,0,0,0,0,0,842,182
0,0,0,0,0,0,0,0,206,204,240,240,0,0,0,0,0,0,0,0,0,0,0,0,0,0,0,0,0,0,0,0,0,0,0,0,0,0,0,0,0,0,0,0,1214,186
0,0,0,0,0,0,0,0,204,201,240,240,0,0,0,0,0,0,0,0,0,0,0,0,0,0,0,0,0,0,0,0,0,0,0,0,0,0,0,0,0,0,0,0,1592,189
0,0,0,0,0,0,0,0,203,200,240,240,0,0,0,0,0,0,0,0,0,0,0,0,0,0,0,0,0,0,0,0,0,0,0,0,0,0,0,0,0,0,0,0,1974,191
0,0,0,0,0,0,0,0,203,200,240,240,0,0,0,0,0,0,0,0,0,0,0,0,0,0,0,0,0,0,0,0,0,0,0,0,0,0,0,0,0,0,0,0,2356,191
0,0,0,0,0,0,0,0,195,193,240,240,0,0,0,0,0,0,0,0,0,0,0,0,0,0,0,0,0,0,0,0,0,0,0,0,0,0,0,0,0,0,0,0,2754,199
0,0,0,0,0,0,0,0,187,185,240,239,0,0,0,0,0,0,0,0,0,0,0,0,0,0,0,0,0,0,0,0,0,0,0,0,0,0,0,0,0,0,0,0,3170,208
0,0,0,0,0,0,0,0,176,174,225,224,0,0,0,0,0,0,0,0,0,0,0,0,0,0,0,0,0,0,0,0,0,0,0,0,0,0,0,0,0,0,0,0,3586,208
0,0,0,0,0,0,0,0,165,164,211,210,0,0,0,0,0,0,0,0,0,0,0,0,0,0,0,0,0,0,0,0,0,0,0,0,0,0,0,0,0,0,0,0,4002,208
0,0,0,0,0,0,0,0,156,155,197,197,0,0,0,0,0,0,0,0,0,0,0,0,0,0,0,0,0,0,0,0,0,0,0,0,0,0,0,0,0,0,0,0,4418,208
0,0,0,0,0,0,0,0,147,147,183,183,0,0,0,0,0,0,0,0,0,0,0,0,0,0,0,0,0,0,0,0,0,0,0,0,0,0,0,0,0,35,0,0,4834,208
0,0,0,0,0,0,0,0,144,143,178,178,0,0,0,0,0,0,0,0,0,0,0,0,0,0,0,0,0,0,0,0,0,0,0,0,0,0,0,0,0,145,0,0,5272,219
0,0,0,0,0,0,0,0,143,142,180,180,0,0,0,0,0,0,0,0,0,0,0,0,0,0,0,0,0,0,0,0,0,0,0,0,0,0,0,0,0,255,0,0,5760,244
0,0,0,0,0,0,0,0,140,139,173,174,0,0,0,0,0,0,0,0,0,0,0,0,0,0,0,0,0,0,0,0,0,0,0,0,0,0,0,0,0,290,0,0,6268,254
0,0,0,0,0,0,0,0,138,136,166,167,65,65,65,65,0,0,0,0,0,0,0,0,0,0,0,0,0,0,0,0,0,0,0,0,0,0,0,0,0,290,0,0,6782,257
0,0,0,0,0,0,0,0,137,136,166,167,164,165,163,163,0,0,0,0,0,0,0,0,0,0,0,0,0,0,0,0,0,0,0,0,0,0,0,0,0,290,0,0,7328,273
0,0,0,0,0,0,0,0,141,140,176,176,259,260,260,260,0,0,0,0,0,0,0,0,0,0,0,0,0,0,0,0,0,0,0,0,0,0,0,0,0,290,0,0,7994,333
0,0,0,0,0,0,0,0,142,140,173,173,265,265,265,265,0,0,0,0,0,0,0,0,0,0,0,0,0,0,0,0,0,0,0,0,0,0,0,0,0,290,0,0,8690,348
0,0,0,0,0,0,0,0,143,142,171,171,265,265,265,265,0,0,0,0,0,0,0,0,0,0,0,0,0,0,0,0,0,0,0,0,0,0,0,0,0,290,0,0,9404,357
0,0,0,0,0,0,0,0,145,144,170,170,265,265,265,265,0,0,0,0,0,0,0,0,0,0,0,0,0,0,0,0,0,0,0,0,0,0,0,0,0,290,0,0,10138,367
0,0,0,0,0,0,0,0,148,147,169,170,265,264,265,265,0,0,0,0,0,0,0,0,0,0,0,0,0,0,0,0,0,0,0,0,0,0,0,0,0,290,0,0,10894,378
0,0,0,0,0,0,0,0,152,149,169,169,265,257,265,265,0,0,0,0,0,0,0,0,0,0,0,0,0,0,0,0,0,0,0,0,0,0,0,0,0,290,0,0,11672,389
0,0,0,0,0,0,0,0,156,153,170,170,260,251,265,265,0,0,0,0,0,0,0,0,0,0,0,0,0,0,0,0,0,0,0,0,0,0,0,0,0,290,0,0,12472,400
0,0,0,0,0,0,0,0,162,160,172,172,254,244,265,265,0,0,0,0,0,0,0,0,0,0,0,0,0,0,0,0,0,0,0,0,0,0,0,0,0,290,0,0,13290,409
0,0,0,0,0,0,0,0,171,170,176,176,247,237,265,265,0,0,0,0,0,0,0,0,0,0,0,0,0,0,0,0,0,0,0,0,0,0,0,0,0,290,0,0,14132,421
0,0,0,0,0,0,0,0,182,182,180,181,242,232,265,265,0,0,0,0,0,0,0,0,0,0,0,0,0,0,0,0,0,0,0,0,0,0,0,0,0,290,0,0,14994,431
0,0,0,0,0,0,0,0,197,196,187,187,239,229,265,265,0,0,0,0,0,0,0,0,0,0,0,0,0,0,0,0,0,0,0,0,0,0,0,0,0,290,0,0,15878,442
0,0,0,0,0,0,0,0,216,215,195,196,234,225,259,265,57,57,58,58,0,0,0,0,0,0,0,0,0,0,0,0,0,0,0,0,0,0,0,0,0,290,0,0,16778,450
0,0,0,0,0,0,0,0,237,237,206,207,230,222,251,264,159,159,170,170,0,0,0,0,0,0,0,0,0,0,0,0,0,0,0,0,0,0,0,0,0,290,0,0,17692,457
0,0,0,0,0,0,0,0,240,240,215,216,237,227,263,265,260,260,259,259,0,0,0,0,0,0,0,0,0,0,0,0,0,0,0,0,0,0,0,0,0,290,0,0,18642,475
0,0,0,0,0,0,0,0,240,240,224,226,237,227,261,265,265,265,265,265,0,0,0,0,0,0,0,0,0,0,0,0,0,0,0,0,0,0,0,0,0,290,0,0,19590,474
0,0,0,0,0,0,0,0,240,240,231,234,240,230,262,265,265,265,265,265,0,0,0,0,0,0,0,0,0,0,0,0,0,0,0,0,0,0,0,0,0,290,0,0,20516,463
0,0,0,0,0,0,0,0,240,240,240,240,241,232,260,265,265,265,265,265,0,0,0,0,0,0,0,0,0,0,0,0,0,0,0,0,0,0,0,0,0,290,0,0,21432,458
0,0,0,0,0,0,0,0,240,240,240,240,241,233,256,265,265,265,265,265,0,0,0,0,0,0,0,0,0,0,0,0,0,0,0,0,0,0,0,0,0,290,0,0,22336,452
0,0,0,0,0,0,0,0,240,240,240,240,242,234,254,265,265,265,265,265,0,0,0,0,0,0,0,0,0,0,0,0,0,0,0,0,0,0,0,0,0,290,0,0,23232,448
0,0,0,0,0,0,0,0,240,240,240,240,244,237,252,265,265,265,265,265,0,0,0,0,0,0,0,0,0,0,0,0,0,0,0,0,0,0,0,0,0,290,0,0,24128,448
0,0,0,0,0,0,0,0,0,0,0,0,240,233,248,263,265,265,265,265,0,0,0,0,0,0,0,0,0,0,0,0,0,0,0,0,0,0,0,0,0,290,0,0,24956,414
0,0,0,0,0,0,0,0,0,0,0,0,228,220,241,255,263,259,265,265,0,0,0,0,0,0,0,0,0,0,0,0,0,0,0,0,0,0,0,0,0,290,0,0,25698,371
0,0,0,0,0,0,0,0,0,0,0,0,232,224,240,255,257,253,265,265,0,0,0,0,0,0,0,0,0,0,0,0,0,0,0,0,0,0,0,0,0,290,0,0,26456,379
0,0,0,0,0,0,0,0,0,0,0,0,236,228,241,256,252,248,265,265,0,0,0,0,0,0,0,0,0,0,0,0,0,0,0,0,0,0,0,0,0,290,0,0,27230,387
0,0,0,0,0,0,0,0,0,0,0,0,242,235,244,259,248,245,265,265,0,0,0,0,0,0,0,0,0,0,0,0,0,0,0,0,0,0,0,0,0,290,0,0,28016,393
0,0,0,0,0,0,0,0,0,0,0,0,250,243,248,263,245,242,265,265,80,80,80,79,0,0,0,0,0,0,0,0,0,0,0,0,0,0,0,0,0,290,0,0,28822,403
0,0,0,0,0,0,0,0,0,0,0,0,260,252,253,265,244,241,265,265,163,163,163,163,0,0,0,0,0,0,0,0,0,0,0,0,0,0,0,0,0,290,0,0,29638,408
0,0,0,0,0,0,0,0,0,0,0,0,265,262,258,265,245,241,265,265,265,265,265,265,0,0,0,0,0,0,0,0,0,0,0,0,0,0,0,0,0,290,0,0,30474,418
0,0,0,0,0,0,0,0,0,0,0,0,265,265,263,265,245,241,265,265,265,265,265,265,0,0,0,0,0,0,0,0,0,0,0,0,0,0,0,0,0,290,0,0,31302,414
0,0,0,0,0,0,0,0,0,0,0,0,265,265,265,265,246,242,265,265,265,265,265,265,0,0,0,0,0,0,0,0,0,0,0,0,0,0,0,0,0,290,0,0,32126,412
0,0,0,0,0,0,0,0,0,0,0,0,265,265,265,265,248,245,265,265,265,265,265,265,0,0,0,0,0,0,0,0,0,0,0,0,0,0,0,0,0,290,0,0,32950,412
0,0,0,0,0,0,0,0,0,0,0,0,265,265,265,265,251,248,265,265,265,265,265,265,0,0,0,0,0,0,0,0,0,0,0,0,0,0,0,0,0,290,0,0,33760,405
0,0,0,0,0,0,0,0,0,0,0,0,265,265,265,265,254,251,265,265,265,265,265,265,0,0,0,0,0,0,0,0,0,0,0,0,0,0,0,0,0,290,0,0,34568,404
0,0,0,0,0,0,0,0,0,0,0,0,265,265,265,265,258,256,265,265,265,265,265,265,0,0,0,0,0,0,0,0,0,0,0,0,0,0,0,0,0,290,0,0,35386,409
0,0,0,0,0,0,0,0,0,0,0,0,265,265,265,265,264,263,265,265,265,265,265,265,0,0,0,0,0,0,0,0,0,0,0,0,0,0,0,0,0,290,0,0,36220,417
0,0,0,0,0,0,0,0,0,0,0,0,265,265,265,265,265,265,265,265,265,265,265,265,0,0,0,0,0,0,0,0,0,0,0,0,0,0,0,0,0,285,0,0,37040,410
0,0,0,0,0,0,0,0,0,0,0,0,175,175,175,175,265,265,265,265,265,265,265,265,0,0,0,0,0,0,0,0,0,0,0,0,0,0,0,0,0,284,0,0,37854,407
0,0,0,0,0,0,0,0,0,0,0,0,0,0,0,0,265,265,265,265,265,265,265,265,0,0,0,0,0,0,0,0,0,0,0,0,0,0,0,0,0,283,0,0,38630,388
0,0,0,0,0,0,0,0,0,0,0,0,0,0,0,0,265,265,265,265,265,265,265,265,0,0,0,0,0,0,0,0,0,0,0,0,0,0,0,0,0,284,0,0,39402,386
0,0,0,0,0,0,0,0,0,0,0,0,0,0,0,0,265,265,265,265,265,265,265,265,0,0,0,0,0,0,0,0,0,0,0,0,0,0,0,0,0,284,0,0,40164,381
0,0,0,0,0,0,0,0,0,0,0,0,0,0,0,0,265,265,265,265,265,265,265,265,0,0,0,0,0,0,0,0,0,0,0,0,0,0,0,0,0,286,0,0,40914,375
0,0,0,0,0,0,0,0,0,0,0,0,0,0,0,0,265,265,265,265,265,265,265,265,0,0,0,0,0,0,0,0,0,0,0,0,0,0,0,0,0,287,0,0,41650,368
0,0,0,0,0,0,0,0,0,0,0,0,0,0,0,0,265,265,265,265,265,265,265,263,80,80,80,80,0,0,0,0,0,0,0,0,0,0,0,0,0,289,0,0,42368,359
0,0,0,0,0,0,0,0,0,0,0,0,0,0,0,0,265,265,265,265,265,265,265,263,180,180,180,180,0,0,0,0,0,0,0,0,0,0,0,0,0,290,0,0,43082,357
0,0,0,0,0,0,0,0,0,0,0,0,0,0,0,0,265,265,265,265,265,265,265,265,265,265,265,265,0,0,0,0,0,0,0,0,0,0,0,0,0,290,27,27,43834,376
0,0,0,0,0,0,0,0,0,0,0,0,0,0,0,0,265,265,265,265,265,265,265,265,265,265,265,265,0,0,0,0,0,0,0,0,0,0,0,0,0,290,133,133,44578,372
0,0,0,0,0,0,0,0,0,0,0,0,0,0,0,0,265,265,265,265,265,265,265,265,265,265,265,265,0,0,0,0,0,0,0,0,0,0,0,0,0,290,246,246,45314,368
0,0,0,0,0,0,0,0,0,0,0,0,0,0,0,0,265,265,265,265,265,265,265,265,265,265,265,265,0,0,0,0,0,0,0,0,0,0,0,0,0,290,290,290,46048,367
0,0,0,0,0,0,0,0,0,0,0,0,0,0,0,0,265,265,265,265,265,265,265,265,265,265,265,265,0,0,0,0,0,0,0,0,0,0,0,0,0,290,290,290,46764,358
0,0,0,0,0,0,0,0,0,0,0,0,0,0,0,0,145,145,145,145,265,265,265,265,265,265,265,265,0,0,0,0,0,0,0,0,0,0,0,0,0,290,290,290,47474,355
0,0,0,0,0,0,0,0,0,0,0,0,0,0,0,0,0,0,0,0,265,265,265,265,265,265,265,265,0,0,0,0,0,0,0,0,0,0,0,0,0,290,290,290,48150,338
0,0,0,0,0,0,0,0,0,0,0,0,0,0,0,0,0,0,0,0,265,265,265,265,265,265,265,265,0,0,0,0,0,0,0,0,0,0,0,0,0,290,290,290,48820,335
0,0,0,0,0,0,0,0,0,0,0,0,0,0,0,0,0,0,0,0,265,265,265,265,265,265,265,265,0,0,0,0,0,0,0,0,0,0,0,0,0,290,290,290,49488,334
0,0,0,0,0,0,0,0,0,0,0,0,0,0,0,0,0,0,0,0,265,265,265,265,265,265,265,265,0,0,0,0,0,0,0,0,0,0,0,0,0,290,290,290,50150,331
0,0,0,0,0,0,0,0,0,0,0,0,0,0,0,0,0,0,0,0,265,265,265,265,265,265,265,265,42,42,42,42,0,0,0,0,0,0,0,0,0,290,290,290,50804,327
0,0,0,0,0,0,0,0,0,0,0,0,0,0,0,0,0,0,0,0,265,265,265,265,265,265,265,265,132,132,133,132,0,0,0,0,0,0,0,0,0,290,290,290,51454,325
0,0,0,0,0,0,0,0,0,0,0,0,0,0,0,0,0,0,0,0,265,265,265,265,265,265,265,265,233,233,233,233,0,0,0,0,0,0,0,0,0,290,290,290,52094,320
0,0,0,0,0,0,0,0,0,0,0,0,0,0,0,0,0,0,0,0,265,265,265,265,265,265,265,265,265,265,265,265,0,0,0,0,0,0,0,0,0,290,290,290,52742,324
0,0,0,0,0,0,0,0,0,0,0,0,0,0,0,0,0,0,0,0,265,265,265,265,265,265,265,265,265,265,265,265,0,0,0,0,0,0,0,0,0,290,290,290,53390,324
0,0,0,0,0,0,0,0,0,0,0,0,0,0,0,0,0,0,0,0,265,265,265,265,265,265,265,265,265,265,265,265,0,0,0,0,0,0,0,0,0,290,290,290,54034,322
0,0,0,0,0,0,0,0,0,0,0,0,0,0,0,0,0,0,0,0,265,265,265,265,265,265,265,265,265,265,265,265,0,0,0,0,0,0,0,0,0,290,290,290,54678,322
0,0,0,0,0,0,0,0,0,0,0,0,0,0,0,0,0,0,0,0,265,265,265,265,265,265,265,265,265,265,265,265,0,0,0,0,0,0,0,0,0,290,290,290,55316,319
0,0,0,0,0,0,0,0,0,0,0,0,0,0,0,0,0,0,0,0,265,265,265,265,265,265,265,265,265,265,265,265,0,0,0,0,0,0,0,0,0,290,290,290,55954,319
0,0,0,0,0,0,0,0,0,0,0,0,0,0,0,0,0,0,0,0,165,165,165,165,265,265,265,265,265,265,265,265,0,0,0,0,0,0,0,0,0,190,290,290,56582,314
0,0,0,0,0,0,0,0,0,0,0,0,0,0,0,0,0,0,0,0,0,0,0,0,265,265,265,265,265,265,265,265,0,0,0,0,0,0,0,0,0,0,290,290,57156,287
0,0,0,0,0,0,0,0,0,0,0,0,0,0,0,0,0,0,0,0,0,0,0,0,265,265,265,265,265,265,265,265,0,0,0,0,0,0,0,0,0,0,290,290,57738,291
0,0,0,0,0,0,0,0,0,0,0,0,0,0,0,0,0,0,0,0,0,0,0,0,265,265,265,265,265,265,265,265,0,0,0,0,0,0,0,0,0,0,290,290,58318,290
0,0,0,0,0,0,0,0,0,0,0,0,0,0,0,0,0,0,0,0,0,0,0,0,265,265,265,265,265,265,265,265,0,0,0,0,0,0,0,0,0,0,290,290,58900,291
0,0,0,0,0,0,0,0,0,0,0,0,0,0,0,0,0,0,0,0,0,0,0,0,265,265,265,265,265,265,265,265,27,27,0,0,0,0,0,0,0,0,290,290,59484,292
0,0,0,0,0,0,0,0,0,0,0,0,0,0,0,0,0,0,0,0,0,0,0,0,265,265,265,265,265,265,265,265,141,141,0,0,0,0,0,0,0,0,290,290,60062,289
0,0,0,0,0,0,0,0,0,0,0,0,0,0,0,0,0,0,0,0,0,0,0,0,265,265,265,265,265,265,265,265,243,242,0,0,0,0,0,0,0,0,290,290,60636,287
0,0,0,0,0,0,0,0,0,0,0,0,0,0,0,0,0,0,0,0,0,0,0,0,265,265,265,265,265,265,265,265,265,265,0,0,0,0,0,0,0,0,290,290,61214,289
0,0,0,0,0,0,0,0,0,0,0,0,0,0,0,0,0,0,0,0,0,0,0,0,265,265,265,265,265,265,265,265,265,265,0,0,0,0,0,0,0,0,290,290,61786,286
0,0,0,0,0,0,0,0,0,0,0,0,0,0,0,0,0,0,0,0,0,0,0,0,265,265,265,265,265,265,265,265,265,265,0,0,0,0,0,0,0,0,290,290,62352,283
0,0,0,0,0,0,0,0,0,0,0,0,0,0,0,0,0,0,0,0,0,0,0,0,265,265,265,265,265,265,265,265,265,265,0,0,0,0,0,0,0,0,290,290,62914,281
0,0,0,0,0,0,0,0,0,0,0,0,0,0,0,0,0,0,0,0,0,0,0,0,265,265,265,265,265,265,265,265,265,265,0,0,0,0,0,0,0,0,290,290,63470,278
0,0,0,0,0,0,0,0,0,0,0,0,0,0,0,0,0,0,0,0,0,0,0,0,265,265,265,265,265,265,265,265,265,265,0,0,0,0,0,0,0,0,290,290,64026,278
0,0,0,0,0,0,0,0,0,0,0,0,0,0,0,0,0,0,0,0,0,0,0,0,265,265,265,265,265,265,265,265,265,265,0,0,0,0,0,0,0,0,290,290,64582,278
0,0,0,0,0,0,0,0,0,0,0,0,0,0,0,0,0,0,0,0,0,0,0,0,265,265,265,265,265,265,265,265,265,265,0,0,0,0,0,0,0,0,290,290,65126,272
0,0,0,0,0,0,0,0,0,0,0,0,0,0,0,0,0,0,0,0,0,0,0,0,265,265,265,265,265,265,265,265,265,265,84,84,0,0,0,0,0,0,290,290,65670,272
0,0,0,0,0,0,0,0,0,0,0,0,0,0,0,0,0,0,0,0,0,0,0,0,0,0,0,0,265,265,265,265,265,265,186,185,0,0,0,0,0,0,290,290,66230,280
0,0,0,0,0,0,0,0,0,0,0,0,0,0,0,0,0,0,0,0,0,0,0,0,0,0,0,0,265,265,265,265,265,265,265,265,0,0,0,0,0,0,290,290,66776,273
0,0,0,0,0,0,0,0,0,0,0,0,0,0,0,0,0,0,0,0,0,0,0,0,0,0,0,0,265,265,265,265,265,265,265,265,0,0,0,0,0,0,290,290,67322,273
0,0,0,0,0,0,0,0,0,0,0,0,0,0,0,0,0,0,0,0,0,0,0,0,0,0,0,0,265,265,265,265,265,265,265,265,0,0,0,0,0,0,290,290,67866,272
0,0,0,0,0,0,0,0,0,0,0,0,0,0,0,0,0,0,0,0,0,0,0,0,0,0,0,0,265,265,265,265,265,265,265,265,0,0,0,0,0,0,290,290,68412,273
0,0,0,0,0,0,0,0,0,0,0,0,0,0,0,0,0,0,0,0,0,0,0,0,0,0,0,0,265,265,265,265,265,265,265,265,0,0,0,0,0,0,290,290,68954,271
0,0,0,0,0,0,0,0,0,0,0,0,0,0,0,0,0,0,0,0,0,0,0,0,0,0,0,0,265,265,265,265,265,265,265,265,0,0,0,0,0,0,290,290,69494,270
0,0,0,0,0,0,0,0,0,0,0,0,0,0,0,0,0,0,0,0,0,0,0,0,0,0,0,0,265,265,265,265,265,265,265,265,0,0,0,0,0,0,290,290,70034,270
0,0,0,0,0,0,0,0,0,0,0,0,0,0,0,0,0,0,0,0,0,0,0,0,0,0,0,0,265,265,265,265,265,265,265,265,0,0,0,0,0,0,290,290,70574,270
0,0,0,0,0,0,0,0,0,0,0,0,0,0,0,0,0,0,0,0,0,0,0,0,0,0,0,0,265,265,265,265,265,265,265,265,0,0,0,0,0,0,290,290,71112,269
0,0,0,0,0,0,0,0,0,0,0,0,0,0,0,0,0,0,0,0,0,0,0,0,0,0,0,0,265,265,265,265,265,265,265,265,15,16,0,0,0,0,290,290,71642,265
0,0,0,0,0,0,0,0,0,0,0,0,0,0,0,0,0,0,0,0,0,0,0,0,0,0,0,0,265,265,265,265,265,264,265,265,128,128,0,0,0,0,290,290,72166,262
0,0,0,0,0,0,0,0,0,0,0,0,0,0,0,0,0,0,0,0,0,0,0,0,0,0,0,0,265,265,265,265,265,264,265,265,227,226,0,0,0,0,290,290,72690,262
0,0,0,0,0,0,0,0,0,0,0,0,0,0,0,0,0,0,0,0,0,0,0,0,0,0,0,0,0,0,0,0,265,265,265,265,265,265,0,0,0,0,290,290,73226,268
0,0,0,0,0,0,0,0,0,0,0,0,0,0,0,0,0,0,0,0,0,0,0,0,0,0,0,0,0,0,0,0,265,265,265,265,265,265,0,0,0,0,290,290,73740,257
0,0,0,0,0,0,0,0,0,0,0,0,0,0,0,0,0,0,0,0,0,0,0,0,0,0,0,0,0,0,0,0,265,265,265,265,265,265,0,0,0,0,290,290,74254,257
0,0,0,0,0,0,0,0,0,0,0,0,0,0,0,0,0,0,0,0,0,0,0,0,0,0,0,0,0,0,0,0,265,265,265,265,265,265,0,0,0,0,290,290,74764,255
0,0,0,0,0,0,0,0,0,0,0,0,0,0,0,0,0,0,0,0,0,0,0,0,0,0,0,0,0,0,0,0,265,265,265,265,265,265,0,0,0,0,290,290,75272,254
0,0,0,0,0,0,0,0,0,0,0,0,0,0,0,0,0,0,0,0,0,0,0,0,0,0,0,0,0,0,0,0,265,265,265,265,265,265,0,0,0,0,290,290,75778,253
0,0,0,0,0,0,0,0,0,0,0,0,0,0,0,0,0,0,0,0,0,0,0,0,0,0,0,0,0,0,0,0,265,265,265,265,265,265,0,0,0,0,290,290,76276,249
0,0,0,0,0,0,0,0,0,0,0,0,0,0,0,0,0,0,0,0,0,0,0,0,0,0,0,0,0,0,0,0,265,265,265,265,265,265,0,0,0,0,290,290,76772,248
0,0,0,0,0,0,0,0,0,0,0,0,0,0,0,0,0,0,0,0,0,0,0,0,0,0,0,0,0,0,0,0,265,265,265,265,265,265,58,58,0,0,290,290,77262,245
0,0,0,0,0,0,0,0,0,0,0,0,0,0,0,0,0,0,0,0,0,0,0,0,0,0,0,0,0,0,0,0,265,265,265,265,265,265,162,162,0,0,290,290,77750,244
0,0,0,0,0,0,0,0,0,0,0,0,0,0,0,0,0,0,0,0,0,0,0,0,0,0,0,0,0,0,0,0,265,265,265,265,265,265,259,259,0,0,290,290,78242,246
0,0,0,0,0,0,0,0,0,0,0,0,0,0,0,0,0,0,0,0,0,0,0,0,0,0,0,0,0,0,0,0,265,265,265,265,265,265,265,265,0,0,290,290,78734,246
0,0,0,0,0,0,0,0,0,0,0,0,0,0,0,0,0,0,0,0,0,0,0,0,0,0,0,0,0,0,0,0,265,265,265,265,265,265,265,265,0,0,290,290,79222,244
0,0,0,0,0,0,0,0,0,0,0,0,0,0,0,0,0,0,0,0,0,0,0,0,0,0,0,0,0,0,0,0,265,265,265,265,265,265,265,265,0,0,290,290,79706,242
0,0,0,0,0,0,0,0,0,0,0,0,0,0,0,0,0,0,0,0,0,0,0,0,0,0,0,0,0,0,0,0,0,0,265,265,265,265,265,265,0,0,290,290,80186,240
0,0,0,0,0,0,0,0,0,0,0,0,0,0,0,0,0,0,0,0,0,0,0,0,0,0,0,0,0,0,0,0,0,0,265,265,265,265,265,265,0,0,290,290,80662,238
0,0,0,0,0,0,0,0,0,0,0,0,0,0,0,0,0,0,0,0,0,0,0,0,0,0,0,0,0,0,0,0,0,0,265,265,265,265,265,265,0,0,290,290,81136,237
0,0,0,0,0,0,0,0,0,0,0,0,0,0,0,0,0,0,0,0,0,0,0,0,0,0,0,0,0,0,0,0,0,0,265,265,265,265,265,265,0,0,290,290,81606,235
0,0,0,0,0,0,0,0,0,0,0,0,0,0,0,0,0,0,0,0,0,0,0,0,0,0,0,0,0,0,0,0,0,0,265,265,265,265,265,265,0,0,290,290,82074,234
0,0,0,0,0,0,0,0,0,0,0,0,0,0,0,0,0,0,0,0,0,0,0,0,0,0,0,0,0,0,0,0,0,0,265,265,265,265,265,265,0,0,290,290,82538,232
0,0,0,0,0,0,0,0,0,0,0,0,0,0,0,0,0,0,0,0,0,0,0,0,0,0,0,0,0,0,0,0,0,0,265,265,265,265,265,265,0,0,290,290,82998,230
0,0,0,0,0,0,0,0,0,0,0,0,0,0,0,0,0,0,0,0,0,0,0,0,0,0,0,0,0,0,0,0,0,0,265,265,265,265,265,265,0,0,290,290,83454,228
0,0,0,0,0,0,0,0,0,0,0,0,0,0,0,0,0,0,0,0,0,0,0,0,0,0,0,0,0,0,0,0,0,0,265,265,265,265,265,265,0,0,290,290,83906,226
0,0,0,0,0,0,0,0,0,0,0,0,0,0,0,0,0,0,0,0,0,0,0,0,0,0,0,0,0,0,0,0,0,0,265,265,265,265,265,265,0,0,290,290,84352,223
0,0,0,0,0,0,0,0,0,0,0,0,0,0,0,0,0,0,0,0,0,0,0,0,0,0,0,0,0,0,0,0,0,0,155,155,265,265,265,261,0,0,180,180,84786,217
0,0,0,0,0,0,0,0,0,0,0,0,0,0,0,0,0,0,0,0,0,0,0,0,0,0,0,0,0,0,0,0,0,0,0,0,265,265,262,254,0,0,0,0,85190,202
0,0,0,0,0,0,0,0,0,0,0,0,0,0,0,0,0,0,0,0,0,0,0,0,0,0,0,0,0,0,0,0,0,0,0,0,265,265,260,249,0,0,0,0,85582,196
0,0,0,0,0,0,0,0,0,0,0,0,0,0,0,0,0,0,0,0,0,0,0,0,0,0,0,0,0,0,0,0,0,0,0,0,265,265,260,246,0,0,0,0,85966,192
0,0,0,0,0,0,0,0,0,0,0,0,0,0,0,0,0,0,0,0,0,0,0,0,0,0,0,0,0,0,0,0,0,0,0,0,265,265,261,248,0,0,0,0,86348,191
0,0,0,0,0,0,0,0,0,0,0,0,0,0,0,0,0,0,0,0,0,0,0,0,0,0,0,0,0,0,0,0,0,0,0,0,265,265,262,249,0,0,0,0,86718,185
0,0,0,0,0,0,0,0,0,0,0,0,0,0,0,0,0,0,0,0,0,0,0,0,0,0,0,0,0,0,0,0,0,0,0,0,265,265,265,253,0,0,0,0,87054,168
0,0,0,0,0,0,0,0,0,0,0,0,0,0,0,0,0,0,0,0,0,0,0,0,0,0,0,0,0,0,0,0,0,0,0,0,265,265,265,255,0,0,0,0,87360,153
0,0,0,0,0,0,0,0,0,0,0,0,0,0,0,0,0,0,0,0,0,0,0,0,0,0,0,0,0,0,0,0,0,0,0,0,265,265,265,258,0,0,0,0,87636,138
0,0,0,0,0,0,0,0,0,0,0,0,0,0,0,0,0,0,0,0,0,0,0,0,0,0,0,0,0,0,0,0,0,0,0,0,265,265,265,261,0,0,0,0,87900,132
0,0,0,0,0,0,0,0,0,0,0,0,0,0,0,0,0,0,0,0,0,0,0,0,0,0,0,0,0,0,0,0,0,0,0,0,265,265,265,265,0,0,0,0,88140,120
0,0,0,0,0,0,0,0,0,0,0,0,0,0,0,0,0,0,0,0,0,0,0,0,0,0,0,0,0,0,0,0,0,0,0,0,185,185,265,265,0,0,0,0,88354,107
0,0,0,0,0,0,0,0,0,0,0,0,0,0,0,0,0,0,0,0,0,0,0,0,0,0,0,0,0,0,0,0,0,0,0,0,0,0,265,265,0,0,0,0,88538,92
0,0,0,0,0,0,0,0,0,0,0,0,0,0,0,0,0,0,0,0,0,0,0,0,0,0,0,0,0,0,0,0,0,0,0,0,0,0,265,265,0,0,0,0,88704,83
0,0,0,0,0,0,0,0,0,0,0,0,0,0,0,0,0,0,0,0,0,0,0,0,0,0,0,0,0,0,0,0,0,0,0,0,0,0,265,265,0,0,0,0,88844,70
0,0,0,0,0,0,0,0,0,0,0,0,0,0,0,0,0,0,0,0,0,0,0,0,0,0,0,0,0,0,0,0,0,0,0,0,0,0,265,265,0,0,0,0,88950,53
0,0,0,0,0,0,0,0,0,0,0,0,0,0,0,0,0,0,0,0,0,0,0,0,0,0,0,0,0,0,0,0,0,0,0,0,0,0,265,265,0,0,0,0,89032,41
0,0,0,0,0,0,0,0,0,0,0,0,0,0,0,0,0,0,0,0,0,0,0,0,0,0,0,0,0,0,0,0,0,0,0,0,0,0,265,265,0,0,0,0,89092,30
0,0,0,0,0,0,0,0,0,0,0,0,0,0,0,0,0,0,0,0,0,0,0,0,0,0,0,0,0,0,0,0,0,0,0,0,0,0,265,265,0,0,0,0,89120,14
0,0,0,0,0,0,0,0,0,0,0,0,0,0,0,0,0,0,0,0,0,0,0,0,0,0,0,0,0,0,0,0,0,0,0,0,0,0,265,265,0,0,0,0,89142,11
0,0,0,0,0,0,0,0,0,0,0,0,0,0,0,0,0,0,0,0,0,0,0,0,0,0,0,0,0,0,0,0,0,0,0,0,0,0,265,265,0,0,0,0,89164,11
0,0,0,0,0,0,0,0,0,0,0,0,0,0,0,0,0,0,0,0,0,0,0,0,0,0,0,0,0,0,0,0,0,0,0,0,0,0,265,265,0,0,0,0,89186,11
0,0,0,0,0,0,0,0,0,0,0,0,0,0,0,0,0,0,0,0,0,0,0,0,0,0,0,0,0,0,0,0,0,0,0,0,0,0,205,205,0,0,0,0,89208,11
0,0,0,0,0,0,0,0,0,0,0,0,0,0,0,0,0,0,0,0,0,0,0,0,0,0,0,0,0,0,0,0,0,0,0,0,0,0,0,0,0,0,0,0,89212,2
0,0,0,0,0,0,0,0,0,0,0,0,0,0,0,0,0,0,0,0,0,0,0,0,0,0,0,0,0,0,0,0,0,0,0,0,0,0,0,0,0,0,0,0,89212,0
0,0,0,0,0,0,0,0,0,0,0,0,0,0,0,0,0,0,0,0,0,0,0,0,0,0,0,0,0,0,0,0,0,0,0,0,0,0,0,0,0,0,0,0,89212,0
0,0,0,0,0,0,0,0,0,0,0,0,0,0,0,0,0,0,0,0,0,0,0,0,0,0,0,0,0,0,0,0,0,0,0,0,0,0,0,0,0,0,0,0,89212,0
0,0,0,0,0,0,0,0,0,0,0,0,0,0,0,0,0,0,0,0,0,0,0,0,0,0,0,0,0,0,0,0,0,0,0,0,0,0,0,0,0,0,0,0,89212,0
0,0,0,0,0,0,0,0,0,0,0,0,0,0,0,0,0,0,0,0,0,0,0,0,0,0,0,0,0,0,0,0,0,0,0,0,0,0,0,0,0,0,0,0,89212,0
0,0,0,0,0,0,0,0,0,0,0,0,0,0,0,0,0,0,0,0,0,0,0,0,0,0,0,0,0,0,0,0,0,0,0,0,0,0,0,0,0,0,0,0,89212,0
0,0,0,0,0,0,0,0,0,0,0,0,0,0,0,0,0,0,0,0,0,0,0,0,0,0,0,0,0,0,0,0,0,0,0,0,0,0,0,0,0,0,0,0,89212,0
0,0,0,0,0,0,0,0,0,0,0,0,0,0,0,0,0,0,0,0,0,0,0,0,0,0,0,0,0,0,0,0,0,0,0,0,0,0,0,0,0,0,0,0,89212,0
0,0,0,0,0,0,0,0,0,0,0,0,0,0,0,0,0,0,0,0,0,0,0,0,0,0,0,0,0,0,0,0,0,0,0,0,0,0,0,0,0,0,0,0,89212,0
0,0,0,0,0,0,0,0,0,0,0,0,0,0,0,0,0,0,0,0,0,0,0,0,0,0,0,0,0,0,0,0,0,0,0,0,0,0,0,0,0,0,0,0,89212,0
0,0,0,0,0,0,0,0,0,0,0,0,0,0,0,0,0,0,0,0,0,0,0,0,0,0,0,0,0,0,0,0,0,0,0,0,0,0,0,0,0,0,0,0,89212,0
0,0,0,0,0,0,0,0,0,0,0,0,0,0,0,0,0,0,0,0,0,0,0,0,0,0,0,0,0,0,0,0,0,0,0,0,0,0,0,0,0,0,0,0,89212,0
0,0,0,0,0,0,0,0,0,0,0,0,0,0,0,0,0,0,0,0,0,0,0,0,0,0,0,0,0,0,0,0,0,0,0,0,0,0,0,0,0,0,0,0,89212,0
0,0,0,0,0,0,0,0,0,0,0,0,0,0,0,0,0,0,0,0,0,0,0,0,0,0,0,0,0,0,0,0,0,0,0,0,0,0,0,0,0,0,0,0,89212,0
0,0,0,0,0,0,0,0,0,0,0,0,0,0,0,0,0,0,0,0,0,0,0,0,0,0,0,0,0,0,0,0,0,0,0,0,0,0,0,0,0,0,0,0,89212,0
0,0,0,0,0,0,0,0,0,0,0,0,0,0,0,0,0,0,0,0,0,0,0,0,0,0,0,0,0,0,0,0,0,0,0,0,0,0,0,0,0,0,0,0,89212,0
0,0,0,0,0,0,0,0,0,0,0,0,0,0,0,0,0,0,0,0,0,0,0,0,0,0,0,0,0,0,0,0,0,0,0,0,0,0,0,0,0,0,0,0,89212,0
0,0,0,0,0,0,0,0,0,0,0,0,0,0,0,0,0,0,0,0,0,0,0,0,0,0,0,0,0,0,0,0,0,0,0,0,0,0,0,0,0,0,0,0,89212,0
0,0,0,0,0,0,0,0,0,0,0,0,0,0,0,0,0,0,0,0,0,0,0,0,0,0,0,0,0,0,0,0,0,0,0,0,0,0,0,0,0,0,0,0,89212,0
