V1,A1,V2,A2,V3,A3,V4,A4,V5,A5,V6,A6,V7,A7,V8,A8,V9,A9,V10,A10,V11,A11,V12,A12,V13,A13,V14,A14,Front_V,Roof_V,RHWing_V,LHWing_V,Rear_V
0,0,0,0,0,0,0,0,0,0,2,0,1,0,0,0,1,0,0,0,0,0,0,0,1,0,0,0,0,0,0,0,0
0,0,0,0,0,0,0,0,0,0,2,0,1,0,0,0,1,0,0,0,0,0,0,0,1,0,0,0,0,0,0,0,0
0,0,0,0,0,0,0,0,0,0,2,0,1,0,0,0,1,0,0,0,0,0,0,0,1,0,0,0,0,0,0,0,0
0,0,0,0,0,0,0,0,0,0,2,0,1,0,0,0,1,0,0,0,0,0,0,0,1,0,0,0,0,0,0,0,0
0,0,0,0,0,0,0,0,0,0,2,0,1,0,0,0,1,0,0,0,0,0,0,0,1,0,0,0,0,0,0,0,0
0,0,0,0,0,0,0,0,0,0,2,0,1,0,0,0,1,0,0,0,0,0,0,0,1,0,0,0,0,0,0,0,0
0,0,0,0,0,0,0,0,0,0,2,0,1,0,0,0,1,0,0,0,0,0,0,0,1,0,0,0,0,0,0,0,0
0,0,0,0,0,0,0,0,0,0,2,0,1,0,0,0,1,0,0,0,0,0,0,0,1,0,0,0,0,0,0,0,0
0,0,0,0,0,0,0,0,0,0,2,0,1,0,0,0,1,0,0,0,0,0,0,0,1,0,0,0,0,0,0,0,0
0,0,0,0,0,0,0,0,0,0,2,0,1,0,0,0,1,0,0,0,0,0,0,0,1,0,0,0,0,0,0,0,0
0,0,0,0,0,0,0,0,0,0,2,0,1,0,0,0,1,0,0,0,0,0,0,0,1,0,0,0,0,0,0,0,0
0,0,0,0,0,0,0,0,0,0,2,0,1,0,0,0,1,0,0,0,0,0,0,0,1,0,0,0,0,0,0,0,0
0,0,0,0,0,0,0,0,0,0,2,0,1,0,0,0,1,0,0,0,0,0,0,0,1,0,0,0,0,0,0,0,0
0,0,0,0,0,0,0,0,0,0,2,0,1,0,0,0,1,0,0,0,0,0,0,0,1,0,0,0,0,0,0,0,0
0,0,0,0,0,0,0,0,0,0,2,0,1,0,0,0,1,0,0,0,0,0,0,0,1,0,0,0,0,0,0,0,0
0,0,0,0,0,0,0,0,0,0,2,0,1,0,0,0,1,0,0,0,0,0,0,0,1,0,0,0,0,0,0,0,0
0,0,0,0,0,0,0,0,0,0,2,0,1,0,0,0,1,0,0,0,0,0,0,0,1,0,0,0,0,0,0,0,0
0,0,0,0,0,0,0,0,0,0,2,0,1,0,0,0,1,0,0,0,0,0,0,0,1,0,0,0,0,0,0,0,0
0,0,0,0,0,0,0,0,0,0,2,0,1,0,0,0,1,0,0,0,0,0,0,0,1,0,0,0,0,0,0,0,0
0,0,0,0,0,0,0,0,0,0,2,0,1,0,0,0,1,0,0,0,0,0,0,0,1,0,0,0,0,0,0,0,0
0,0,0,0,0,0,0,0,0,0,2,0,1,0,0,0,1,0,0,0,0,0,0,0,1,0,0,0,1.713018944,1.415285079,1.513928139,1.509661836,1.012965964
0,0,0,0,0,0,0,0,0,0,2,0,1,0,0,0,1,0,0,0,0,0,0,0,1,0,0,0,1.612253124,1.415285079,1.513928139,1.509661836,1.215559157
0,0,0,0,0,0,0,0,0,0,1,0,1,0,0,0,1,0,0,0,0,0,0,0,1,0,1,0,1.813784764,2.22401941,1.766249495,1.761272142,1.215559157
0,0,0,0,0,0,0,0,0,0,1,0,1,0,0,0,1,0,0,0,0,0,0,0,1,0,0,0,2.015316405,3.437120906,2.270892208,2.365136876,1.215559157
0,0,0,0,31,0,0,0,0,0,2,0,1,0,0,0,1,0,0,0,0,0,1,0,1,0,1,0,2.216848045,4.144763445,2.624142107,2.717391304,1.266207455
0,0,0,0,121,79,0,0,0,0,2,0,1,0,0,0,1,0,0,0,0,0,0,0,1,0,0,0,2.317613865,4.245855237,2.624142107,2.616747182,2.8363047
0,0,0,0,215,154,1,0,0,0,2,0,1,0,0,0,1,0,0,0,0,0,0,0,1,0,1,0,2.317613865,4.144763445,2.624142107,2.616747182,5.723257699
0,0,0,0,235,177,1,0,0,0,2,0,1,0,0,0,1,0,0,0,0,0,0,0,1,0,0,0,2.216848045,3.993125758,2.573677836,2.566425121,13.57374392
0,0,0,0,235,182,1,0,0,0,2,0,1,0,0,0,1,0,0,0,0,0,0,0,1,0,1,0,2.216848045,3.942579863,2.523213565,2.51610306,38.44205835
0,0,0,0,235,186,1,0,1,0,2,0,1,0,0,0,1,0,0,0,0,0,1,0,1,0,0,0,2.317613865,3.841488071,2.523213565,2.51610306,54.70016207
0,0,0,0,235,186,1,0,0,0,2,0,1,0,0,0,1,0,0,0,0,0,1,0,1,0,1,0,2.317613865,3.993125758,2.523213565,2.51610306,65.74149109
0,0,0,0,235,186,1,0,1,0,2,0,1,0,0,0,1,0,0,0,0,0,0,0,1,0,0,0,2.367996775,4.144763445,2.573677836,2.51610306,72.73095624
0,0,0,0,234,199,1,0,1,0,1,0,1,0,0,0,1,0,0,0,0,0,0,0,1,0,1,0,2.418379686,4.296401132,2.624142107,2.616747182,75.31401945
0,0,0,0,231,211,1,0,0,0,2,0,1,0,0,0,1,0,0,0,0,0,0,0,1,0,1,0,2.468762596,4.549130611,2.72507065,2.616747182,74.80753647
0,0,0,0,218,211,1,0,0,0,2,0,1,0,0,0,1,0,0,0,0,0,0,0,1,0,1,0,2.418379686,4.751314193,2.825999193,2.616747182,73.03484603
0,0,0,0,204,211,1,0,1,0,2,0,1,0,0,0,1,0,0,0,0,0,1,0,1,0,1,0,2.569528416,5.408410837,2.926927735,2.868357488,77.49189627
0,0,0,0,193,211,1,0,0,0,2,0,1,0,0,0,1,0,0,0,0,0,0,0,1,0,1,0,2.720677146,6.621512333,3.078320549,3.019323671,85.79821718
0,0,0,0,191,208,1,0,0,0,2,0,1,0,0,0,1,0,0,0,0,0,0,0,173,19,1,0,2.871825877,11.06955115,3.330641906,3.170289855,85.2410859
0,0,0,0,197,211,1,0,1,0,2,0,1,0,0,0,1,0,0,0,0,0,0,0,290,57,0,0,2.972591697,15.41649818,3.633427533,3.472222222,87.06442464
0,0,0,0,190,210,1,0,0,0,2,0,1,0,0,0,1,0,0,0,0,0,0,0,290,60,1,0,3.073357517,18.6514355,4.037141704,3.673510467,84.98784441
0,0,0,0,184,210,1,0,0,0,2,0,1,0,0,0,1,0,0,0,0,0,1,0,290,65,1,0,3.224506247,22.94783664,4.693177231,4.176731079,97.34602917
0,0,0,0,178,210,155,1,1,0,2,0,1,0,0,0,1,0,0,0,0,0,1,0,290,69,1,0,3.577186618,26.99150829,5.954784013,4.830917874,99.523906
0,0,0,0,181,210,264,68,1,0,2,0,1,0,0,0,1,0,0,0,0,0,0,0,290,35,1,0,4.030632809,31.43954711,10.69842551,6.088969404,108.3873582
0,0,0,0,178,210,265,75,0,0,2,0,1,0,0,0,1,0,0,0,0,0,0,0,290,36,1,0,4.484079,35.78649414,23.5668147,9.963768116,116.7443274
0,0,0,0,176,210,265,83,1,0,2,0,1,0,0,0,1,0,0,0,0,0,1,0,290,37,1,0,5.290205562,39.32470683,33.10456197,24.05394525,118.1624797
0,0,0,0,175,210,265,91,1,0,2,0,1,0,0,0,1,0,0,0,0,0,1,0,290,39,0,0,6.348246675,43.1661949,41.12838111,34.26932367,120.23906
0,0,0,0,174,210,265,100,0,0,2,0,1,0,0,0,1,0,0,0,0,0,1,0,290,41,1,0,9.018540911,47.8669632,48.29430763,42.47181965,131.280389
0,0,0,0,175,210,265,109,0,0,2,0,1,0,0,0,1,0,0,0,0,0,0,0,290,43,1,0,14.76219266,52.5171856,54.40048446,49.36594203,140.5490276
0,0,0,0,176,209,265,119,1,0,2,0,1,0,0,0,1,0,0,0,0,0,0,0,290,45,1,0,20.45546151,56.56085726,59.74969721,55.40458937,138.2698541
0,0,0,0,179,210,264,130,1,0,2,0,1,0,0,0,1,0,0,0,0,0,1,0,290,47,1,0,28.31519549,61.56490093,65.70448123,61.89613527,139.0295786
0,0,0,0,183,209,265,141,0,0,2,0,1,0,0,0,1,0,0,0,0,0,1,0,290,50,0,0,40.75977428,67.98422968,72.46669358,69.2431562,149.463128
0,0,0,0,189,209,264,152,1,0,2,0,1,0,0,0,1,0,0,0,0,0,0,0,290,53,1,0,56.47924224,73.29154873,78.82519176,76.38888889,152.350081
0,0,0,0,198,209,264,162,1,0,2,0,1,0,0,0,1,0,0,0,0,0,0,0,290,55,1,0,73.10560258,77.73958755,84.17440452,82.7294686,151.3877634
0,0,0,0,210,209,264,173,113,0,2,0,1,0,0,0,1,0,0,0,0,0,0,0,290,59,1,0,89.37928255,83.19854428,88.46386758,87.6610306,156.3512966
0,0,0,0,224,209,267,165,274,46,2,0,1,0,0,0,1,0,0,0,0,0,1,0,291,46,1,0,101.0177348,88.40477153,89.92733145,89.42230274,162.6823339
0,0,0,0,236,202,265,173,265,44,2,0,1,0,0,0,1,0,0,0,0,0,1,0,290,51,0,0,107.3155985,92.04407602,91.2394025,90.73067633,165.417342
0,0,0,0,236,181,264,179,265,50,2,0,1,0,0,0,1,0,0,0,0,0,0,0,290,53,1,0,107.8698106,93.81318237,92.45054501,92.24033816,165.2147488
0,0,0,0,235,164,265,182,265,55,2,0,1,0,0,0,1,0,0,0,0,0,0,0,290,53,1,0,111.1446997,96.23938536,92.80379491,92.29066023,165.2653971
0,0,0,0,236,151,265,178,265,55,2,0,1,0,0,0,1,0,0,0,0,0,0,0,290,53,1,0,114.8730351,101.5467044,96.3362939,95.05837359,168.8614263
0,0,0,0,236,133,265,181,265,62,2,0,1,0,0,0,1,0,0,0,0,0,1,0,290,54,1,0,116.6364369,107.6122119,102.2910779,100.2415459,171.5457861
0,0,0,0,236,117,265,184,264,71,2,0,1,0,0,0,1,0,0,0,0,0,1,0,290,56,1,0,116.6868198,110.3922362,106.5300767,103.8647343,170.178282
0,0,0,0,236,103,265,185,265,80,2,0,1,0,0,0,1,0,0,0,0,0,0,0,290,58,1,0,72.50100766,96.9470279,96.89140089,92.74355878,167.0380875
0,0,0,0,236,88,265,185,265,92,2,0,1,0,0,0,1,0,0,0,0,0,0,0,290,59,1,0,82.02337767,103.8718156,106.8328623,102.4053945,167.5952188
0,0,0,0,85,0,265,205,265,105,2,0,1,0,0,0,1,0,0,0,0,0,0,0,290,63,1,0,92.35187424,111.5547918,116.5724667,112.0169082,168.1523501
0,0,0,0,49,0,265,200,265,116,2,0,1,0,0,0,1,0,0,0,0,0,1,0,290,65,1,0,104.8972189,120.4003235,126.7662495,122.3329308,170.4821718
0,0,0,0,30,0,265,196,265,126,2,0,1,0,0,0,1,0,0,0,0,0,1,0,290,66,1,0,113.210399,124.5956328,130.9043197,127.0632045,169.6211507
0,0,0,0,17,0,265,189,265,137,2,0,1,0,0,0,1,0,0,0,0,0,0,0,290,67,1,0,120.3647723,126.7185605,132.4182479,129.3780193,171.5457861
0,0,0,0,11,0,265,182,265,146,114,0,1,0,0,0,1,0,0,0,0,0,0,0,290,68,0,0,126.3099557,127.6789325,133.2256762,131.4412238,173.9262561
0,0,0,0,7,0,266,171,266,143,274,26,1,0,0,0,1,0,0,0,0,0,0,0,290,61,1,0,130.7436518,128.2349373,133.1752119,132.397343,174.8885737
0,0,0,0,5,0,266,160,265,153,265,22,1,0,0,0,1,0,0,0,0,0,1,0,290,63,1,0,137.9987908,130.6105944,134.7396044,134.863124,178.1807131
0,0,0,0,4,0,266,148,265,159,265,25,1,0,0,0,1,0,0,0,0,0,1,0,290,62,1,0,145.4050786,133.5928023,137.5151393,138.134058,180.9663695
0,0,0,0,3,0,266,135,265,165,265,29,1,0,0,0,1,0,0,0,0,0,0,0,290,61,1,0,151.5014107,136.625556,140.9467097,141.6566023,182.8910049
0,0,0,0,3,0,266,122,265,170,265,33,1,0,0,0,1,0,0,0,0,0,0,0,290,60,0,0,159.6130593,140.3154064,145.639887,146.1855878,185.11953
0,0,0,0,2,0,266,108,265,173,265,38,1,0,0,0,1,0,0,0,0,0,0,0,290,58,1,0,167.9262394,143.0448848,149.7274929,150.462963,188.006483
0,0,0,0,2,0,265,94,265,176,265,44,1,0,0,0,1,0,0,0,0,0,1,0,290,57,1,0,175.0302297,140.51759,147.8098506,149.1545894,187.6519449
0,0,0,0,2,0,266,81,265,178,265,50,1,0,0,0,1,0,0,0,0,0,1,0,290,56,1,0,177.5997582,138.3946624,141.552281,143.2165862,184.3091572
0,0,0,0,2,0,266,66,265,180,264,65,1,0,0,0,1,0,0,0,0,0,0,0,290,54,1,0,178.6074164,139.9110392,138.1207105,139.3417874,180.35859
0,0,0,0,2,0,266,50,265,178,264,85,1,0,0,0,1,0,0,0,0,0,0,0,290,53,1,0,175.0302297,141.2252325,138.574889,139.3417874,179.9027553
0,0,0,0,2,0,266,35,265,167,264,106,1,0,0,0,1,0,0,0,0,0,0,0,290,53,1,0,174.0729545,143.1965224,141.2494954,141.6566023,177.9781199
0,0,0,0,2,0,189,0,266,171,265,117,1,0,0,0,1,0,0,0,0,0,1,0,290,64,0,0,174.9294639,145.6227254,145.5389584,145.6320451,174.8885737
0,0,0,0,2,0,112,0,265,161,264,126,1,0,0,0,1,0,0,0,0,0,1,0,290,61,1,0,175.3829101,147.8467448,150.6863141,150.3119968,170.5328201
0,0,0,0,2,0,65,0,266,150,264,136,1,0,0,0,1,0,0,0,0,0,0,0,290,59,1,0,176.2394196,149.9696725,155.2280985,154.589372,165.3666937
0,0,0,0,2,0,38,0,266,138,265,145,1,0,0,0,1,0,0,0,0,0,0,0,290,57,1,0,177.3982265,151.5871411,158.6092047,157.9609501,159.1876013
0,0,0,0,1,0,23,0,265,127,265,153,1,0,0,0,1,0,0,0,0,0,0,0,290,55,1,0,179.3127771,154.0133441,161.1324182,160.5273752,167.9497569
0,0,0,0,1,0,16,0,265,118,265,158,1,0,0,0,1,0,0,0,0,0,1,0,290,53,0,0,181.8823055,156.4395471,163.2014534,162.6409018,179.3962723
0,0,0,0,1,0,9,0,265,103,267,142,273,49,0,0,1,0,0,0,0,0,1,0,290,49,1,0,184.8548972,157.8042863,164.5639887,164.2008857,178.9910859
0,0,0,0,1,0,6,0,266,94,265,145,265,51,0,0,1,0,0,0,0,0,0,0,290,47,1,0,188.0794035,159.6239385,166.5320953,166.4150564,186.993517
0,0,0,0,1,0,4,0,266,83,265,146,265,58,0,0,1,0,0,0,0,0,0,0,290,45,124,0,191.0519952,160.1799434,167.5413807,167.72343,186.6389789
0,0,0,0,1,0,3,0,265,73,265,144,263,30,0,0,1,0,0,0,0,0,0,0,290,43,290,39,193.8734381,160.9381318,168.6515947,169.0821256,188.7155592
0,0,0,0,1,0,3,0,266,62,265,143,265,41,0,0,1,0,0,0,0,0,1,0,290,40,290,38,196.0902862,161.6963203,169.7618086,170.2898551,190.7414911
0,0,0,0,1,0,2,0,266,52,265,141,265,49,0,0,1,0,0,0,0,0,1,0,290,38,290,39,193.1680774,161.4941367,170.01413,170.6421095,192.1089951
0,0,0,0,1,0,2,0,265,43,265,137,265,56,0,0,1,0,0,0,0,0,0,0,290,36,290,41,191.9085046,161.0897695,170.5187727,171.3969404,193.1726094
0,0,0,0,1,0,2,0,208,0,264,145,265,64,0,0,1,0,0,0,0,0,0,0,290,47,290,43,194.2765014,160.8875859,170.8215583,171.849839,193.780389
0,0,0,0,1,0,1,0,113,0,265,138,265,73,0,0,1,0,0,0,0,0,0,0,290,43,290,44,193.2688432,161.0392236,170.569237,171.4975845,193.5271475
0,0,0,0,1,0,1,0,68,0,265,129,265,81,0,0,1,0,0,0,0,0,1,0,290,39,290,46,195.8887545,163.1621512,172.5373436,173.510467,196.5153971
0,0,0,0,1,0,1,0,39,0,265,122,265,88,0,0,1,0,0,0,0,0,1,0,290,36,290,47,196.1406691,163.5665184,172.1840937,173.2588567,196.4141005
0,0,0,0,1,0,1,0,23,0,265,119,265,89,0,0,1,0,0,0,0,0,0,0,290,36,290,47,196.0902862,163.5665184,170.2664514,171.6988728,199.9594814
0,0,0,0,1,0,1,0,14,0,265,111,265,95,202,0,1,0,0,0,0,0,0,0,290,34,290,48,196.3925836,163.9708856,168.348809,169.6859903,200.3646677
0,0,0,0,1,0,1,0,9,0,266,102,265,93,265,18,1,0,0,0,0,0,0,0,290,31,290,45,198.4079,165.5378083,167.5413807,168.4279388,200.7192058
0,0,0,0,1,0,1,0,6,0,265,92,265,99,265,22,1,0,0,0,0,0,1,0,290,29,290,46,199.5163241,167.3574606,167.5413807,168.1260064,201.1243922
0,0,0,0,1,0,1,0,4,0,266,82,265,104,265,28,1,0,0,0,0,0,1,0,290,26,290,47,199.9697703,168.9749292,168.6011304,168.6795491,201.3776337
0,0,0,0,1,0,1,0,3,0,266,73,265,107,265,33,1,0,0,0,0,0,0,0,290,24,290,48,199.9697703,170.9462192,170.8215583,170.4408213,201.5802269
0,0,0,0,1,0,1,0,2,0,265,64,265,109,265,39,1,0,0,0,0,0,0,0,290,23,290,49,199.3147924,172.5636878,173.6980218,172.9569243,201.0230956
0,0,0,0,1,0,1,0,2,0,265,56,265,110,265,46,1,0,0,0,0,0,0,0,290,22,290,50,197.853688,174.0800647,176.6249495,175.8252818,200.060778
0,0,0,0,1,0,1,0,1,0,265,47,265,110,265,54,1,0,0,0,0,0,1,0,290,21,290,50,175.4836759,169.8847554,174.3035931,173.6111111,198.4906807
0,0,0,0,1,0,1,0,1,0,265,40,265,109,265,61,1,0,0,0,0,0,1,0,290,20,290,51,162.6864168,169.076021,175.5651998,175.2717391,197.8322528
0,0,0,0,1,0,1,0,1,0,181,0,263,121,264,71,1,0,0,0,0,0,0,0,170,1,290,55,170.7980653,172.1087748,179.7537344,179.7504026,197.8829011
0,0,0,0,1,0,1,0,1,0,98,0,265,123,265,78,1,0,0,0,0,0,0,0,22,0,290,54,178.254736,174.2822483,182.2264836,182.2665056,197.8829011
0,0,0,0,1,0,1,0,1,0,55,0,265,118,265,86,1,0,0,0,0,0,0,0,11,0,290,55,184.6029827,175.8997169,183.5385547,183.5245572,198.1361426
0,0,0,0,1,0,1,0,1,0,34,0,265,113,265,92,1,0,0,0,0,0,0,0,7,0,290,55,190.2962515,177.1128184,184.8001615,184.4806763,198.6426256
0,0,0,0,1,0,1,0,1,0,20,0,265,106,265,100,1,0,0,0,0,0,1,0,5,0,290,55,194.7299476,178.3764658,185.6580541,185.2355072,202.8464344
0,0,0,0,1,0,1,0,1,0,13,0,265,100,265,106,158,1,0,0,0,0,0,0,4,0,290,55,198.6094317,179.1852002,186.3645539,185.889694,203.9100486
0,0,0,0,1,0,1,0,1,0,9,0,265,92,265,103,265,16,0,0,0,0,0,0,4,0,290,50,201.7331721,179.7917509,186.6168753,186.4935588,205.4294976
0,0,0,0,1,0,1,0,1,0,6,0,265,84,265,108,265,19,0,0,0,0,0,0,3,0,290,50,203.5469569,179.8422968,186.6168753,186.4432367,206.4424635
0,0,0,0,1,0,1,0,1,0,5,0,266,76,265,112,265,22,0,0,0,0,0,0,3,0,290,49,204.7561467,179.741205,186.6168753,186.4935588,207.1008914
0,0,0,0,1,0,1,0,1,0,4,0,265,68,265,115,265,25,0,0,0,0,1,0,3,0,290,49,205.6126562,179.3368378,186.566411,186.5942029,207.4047812
0,0,0,0,1,0,1,0,1,0,3,0,265,60,265,117,265,30,0,0,0,0,1,0,3,0,290,48,206.4187827,178.9830166,186.2131611,186.5438808,207.4047812
0,0,0,0,1,0,1,0,1,0,3,0,265,52,265,119,265,34,0,0,0,0,0,0,3,0,290,48,207.5272068,179.1852002,185.7085184,186.3425926,207.4554295
0,0,0,0,1,0,1,0,1,0,2,0,265,45,265,120,265,40,0,0,0,0,0,0,2,0,290,47,208.1318017,179.5895673,184.6992329,185.6884058,208.1645057
0,0,0,0,1,0,1,0,1,0,2,0,265,37,265,120,265,46,0,0,0,0,0,0,2,0,290,47,207.7287384,179.4884755,182.4283407,183.6755233,207.6073744
0,0,0,0,1,0,1,0,1,0,2,0,265,30,265,119,265,53,0,0,0,0,1,0,2,0,290,47,207.6783555,179.9939345,180.7630198,181.9645733,208.1138574
0,0,0,0,1,0,1,0,1,0,2,0,265,25,265,117,265,59,109,0,0,0,1,0,2,0,290,46,203.5469569,180.1455722,179.6528058,180.6561997,210.2917342
0,0,0,0,1,0,1,0,1,0,2,0,265,19,265,112,267,50,275,23,0,0,0,0,2,0,290,45,204.3027005,181.7124949,180.611627,181.2600644,209.582658
0,0,0,0,1,0,1,0,1,0,2,0,190,0,265,115,265,60,265,20,0,0,0,0,2,0,290,52,205.713422,184.3408815,183.589019,183.8264895,210.7982172
0,0,0,0,1,0,1,0,1,0,2,0,104,0,265,108,265,66,265,22,0,0,0,0,2,0,290,50,204.7057638,185.3517994,185.8094469,185.7890499,210.1904376
0,0,0,0,1,0,1,0,1,0,2,0,62,0,265,102,265,71,265,25,0,0,1,0,2,0,290,48,204.9072954,187.4747271,189.3924102,189.2612721,210.2410859
0,0,0,0,1,0,1,0,1,0,2,0,36,0,265,94,265,76,265,29,0,0,1,0,2,0,290,47,204.3530834,188.4350991,192.0165523,192.3309179,210.2917342
0,0,0,0,1,0,1,0,1,0,2,0,21,0,265,86,265,81,265,33,0,0,0,0,2,0,290,46,204.9576784,189.2943793,193.8837303,194.2431562,209.4307131
0,0,0,0,1,0,1,0,1,0,2,0,13,0,265,79,265,84,265,39,0,0,0,0,2,0,290,45,206.9226119,191.0129397,196.1041583,196.507649,210.089141
0,0,0,0,1,0,1,0,1,0,2,0,8,0,265,71,265,87,265,45,0,0,0,0,2,0,290,43,208.1821846,191.6700364,196.7601938,197.1618357,210.0384927
0,0,0,0,1,0,1,0,1,0,2,0,6,0,265,64,265,89,265,50,0,0,1,0,2,0,290,42,209.6936719,191.9733118,197.1134437,197.5644122,209.2281199
0,0,0,0,1,0,1,0,0,0,2,0,4,0,265,58,265,89,265,57,0,0,1,0,2,0,290,40,211.1043934,192.327133,197.4666936,197.7657005,208.2658023
0,0,0,0,1,0,1,0,1,0,2,0,3,0,265,51,265,89,265,64,0,0,0,0,2,0,290,39,212.6662636,193.0853215,197.920872,198.168277,212.2163695
0,0,0,0,1,0,1,0,1,0,2,0,2,0,265,44,265,88,265,72,190,0,0,0,2,0,290,38,214.4296655,193.7424181,198.2741219,198.4702093,212.1657212
0,0,0,0,1,0,1,0,1,0,2,0,2,0,265,37,265,86,265,65,265,18,0,0,2,0,290,36,207.3256751,192.3776789,196.9115866,196.7592593,212.2670178
0,0,0,0,1,0,1,0,1,0,2,0,2,0,265,31,265,84,265,70,265,21,1,0,2,0,290,35,210.8524788,194.0962394,198.3245862,197.9669887,212.469611
0,0,0,0,1,0,1,0,0,0,2,0,2,0,154,0,265,90,265,76,265,24,1,0,2,0,290,43,213.4723902,195.1577032,199.4852644,199.023752,212.8747974
0,0,0,0,1,0,1,0,1,0,2,0,1,0,86,0,265,85,265,81,265,28,0,0,2,0,290,40,215.3365578,195.9664375,200.4440856,200.0805153,212.9254457
0,0,0,0,1,0,1,0,1,0,2,0,1,0,51,0,265,79,265,85,265,32,1,0,2,0,290,37,216.7976622,196.6740801,201.4029067,200.9863124,212.976094
0,0,0,0,1,0,1,0,1,0,2,0,1,0,29,0,265,72,265,88,265,36,1,0,2,0,290,34,217.503023,197.0279013,201.7561566,201.489533,212.6722042
0,0,0,0,1,0,1,0,0,0,2,0,1,0,17,0,265,66,265,90,265,42,1,0,2,0,290,31,217.9060863,197.4322685,202.0589423,201.7411433,212.2670178
0,0,0,0,1,0,1,0,0,0,2,0,1,0,10,0,265,60,265,91,265,47,0,0,1,0,290,29,218.3091495,197.7860898,202.3617279,202.0430757,211.4566451
0,0,0,0,1,0,1,0,1,0,2,0,1,0,6,0,265,53,265,92,265,53,1,0,1,0,290,27,218.2083837,197.9882734,202.5131207,202.294686,210.7982172
0,0,0,0,1,0,1,0,1,0,2,0,1,0,4,0,265,47,265,92,265,61,1,0,1,0,290,25,218.1580008,198.4431864,202.5131207,202.4456522,214.6474878
0,0,0,0,1,0,1,0,0,0,2,0,1,0,3,0,265,40,265,91,265,67,192,0,1,0,290,23,218.0068521,198.6959159,202.563585,202.5462963,214.9007293
0,0,0,0,1,0,1,0,0,0,2,0,1,0,2,0,265,34,265,88,265,60,265,18,2,0,290,22,217.9564692,199.0497372,202.6140493,202.5966184,215.0526742
0,0,0,0,1,0,1,0,1,0,2,0,1,0,1,0,265,28,265,86,265,66,265,20,2,0,290,21,217.9060863,199.3024666,202.9672992,202.6972625,214.5968395
0,0,0,0,1,0,1,0,1,0,2,0,1,0,1,0,265,23,265,83,265,71,265,23,1,0,290,20,216.1930673,199.4035584,203.7242632,203.150161,214.4955429
0,0,0,0,1,0,1,0,0,0,2,0,1,0,1,0,265,18,265,79,265,75,265,27,1,0,290,19,215.8907699,200.0101092,205.1372628,204.6095008,214.5461912
0,0,0,0,1,0,1,0,0,0,2,0,1,0,0,0,238,0,264,80,264,80,265,31,1,0,289,22,217.0999597,200.2628387,205.6923698,205.4649758,214.1916532
0,0,0,0,1,0,1,0,1,0,2,0,1,0,0,0,139,0,265,76,265,82,265,35,1,0,290,20,216.8480451,200.2122928,205.4905127,205.4649758,213.8877634
0,0,0,0,1,0,1,0,1,0,2,0,1,0,0,0,79,0,265,69,265,84,265,41,2,0,290,19,217.2511084,200.566114,205.6923698,205.7669082,213.7358185
0,0,0,0,1,0,1,0,0,0,2,0,1,0,0,0,46,0,265,65,265,86,265,46,1,0,290,30,218.4099154,200.9704812,206.0456197,206.421095,213.6851702
0,0,0,0,1,0,1,0,0,0,2,0,1,0,0,0,28,0,265,59,265,86,265,52,1,0,290,33,219.5183394,201.3748484,206.1970125,206.5217391,213.2799838
0,0,0,0,1,0,1,0,1,0,2,0,1,0,0,0,17,0,265,53,265,86,265,58,1,0,290,33,220.0221685,201.2232107,205.7932983,206.1191626,212.1150729
0,0,0,0,1,0,1,0,0,0,2,0,1,0,0,0,11,0,265,47,265,85,265,64,1,0,290,32,220.7779121,201.3243025,205.4400484,205.8675523,210.7475689
0,0,0,0,1,0,1,0,0,0,2,0,1,0,0,0,7,0,265,41,265,84,265,72,1,0,290,32,220.878678,201.3243025,205.1877271,205.6662641,208.721637
0,0,0,0,1,0,1,0,1,0,2,0,1,0,0,0,5,0,265,35,265,82,265,78,1,0,290,32,221.0298267,201.5770319,205.3391199,205.56562,205.5307942
0,0,0,0,1,0,1,0,0,0,2,0,1,0,0,0,3,0,265,29,265,79,265,85,1,0,290,32,210.6509472,198.8475536,203.5224061,203.5024155,201.6308752
0,0,0,0,1,0,1,0,0,0,2,0,1,0,0,0,3,0,265,25,265,75,265,90,1,0,290,31,204.7057638,197.5333603,203.0682277,202.9488728,197.3764182
0,0,0,0,1,0,1,0,1,0,2,0,1,0,0,0,2,0,194,0,263,94,265,99,1,0,205,10,208.4340992,198.0893651,204.0270488,203.8043478,192.767423
0,0,0,0,0,0,1,0,0,0,2,0,1,0,0,0,2,0,108,0,265,95,265,103,1,0,90,0,209.2402257,198.3926405,204.2793702,204.0056361,189.5765802
0,0,0,0,0,0,1,0,0,0,2,0,1,0,0,0,1,0,63,0,265,89,265,107,1,0,53,0,203.8492543,199.150829,204.0775131,203.955314,192.4635332
0,0,0,0,0,0,1,0,1,0,2,0,1,0,0,0,1,0,37,0,265,85,265,109,1,0,31,0,120.2640064,199.605742,203.4719419,203.5527375,194.7427066
0,0,0,0,0,0,1,0,0,0,2,0,1,0,0,0,1,0,23,0,265,84,265,107,1,0,20,0,10.4796453,201.3748484,204.4812273,204.9617552,196.7179903
0,0,0,0,0,0,1,0,0,0,2,0,1,0,0,0,1,0,14,0,266,78,265,105,1,0,12,0,7.355904877,207.3392641,210.7892612,211.4029791,200.1620746
0,0,0,0,0,0,1,0,0,0,2,0,1,0,0,0,1,0,9,0,266,65,265,100,1,0,8,0,6.801692866,211.2818439,121.5179653,123.5909823,203.4035656
0,0,0,0,0,0,1,0,0,0,2,0,1,0,0,0,1,0,6,0,266,54,265,95,1,0,5,0,5.592503023,210.776385,6.913605168,7.296698873,206.4931118
0,0,0,0,0,0,1,0,1,0,2,0,1,0,0,0,1,0,4,0,265,47,265,90,1,0,4,0,4.081015719,46.04731096,3.784820347,3.421900161,209.6839546
0,0,0,0,0,0,1,0,1,0,2,0,1,0,0,0,1,0,3,0,265,42,265,86,1,0,3,0,1.914550584,3.942579863,1.968106581,2.11352657,209.7346029
0,0,0,0,0,0,1,0,1,0,2,0,1,0,0,0,1,0,2,0,266,33,265,79,1,0,2,0,1.511487304,2.021835827,1.715785224,1.912238325,212.1657212
0,0,0,0,0,0,1,0,1,0,2,0,1,0,0,0,1,0,2,0,247,0,261,84,1,0,2,0,1.511487304,1.920744036,1.513928139,1.761272142,214.2423015
0,0,0,0,0,0,1,0,1,0,2,0,1,0,0,0,1,0,1,0,136,0,265,80,1,0,2,0,1.511487304,1.920744036,1.412999596,1.761272142,216.1669368
0,0,0,0,0,0,1,0,1,0,2,0,1,0,0,0,1,0,1,0,77,0,265,72,1,0,1,0,1.511487304,1.920744036,1.412999596,1.761272142,219.3577796
0,0,0,0,0,0,1,0,1,0,2,0,1,0,0,0,1,0,1,0,47,0,266,60,1,0,1,0,1.461104393,1.920744036,1.412999596,1.710950081,221.9914911
0,0,0,0,0,0,1,0,1,0,2,0,1,0,0,0,1,0,1,0,29,0,266,46,1,0,1,0,1.612253124,1.87019814,1.312071054,1.710950081,225.8407618
0,0,0,0,0,0,1,0,1,0,2,0,1,0,0,0,1,0,1,0,18,0,266,35,1,0,1,0,1.813784764,1.87019814,1.362535325,1.710950081,50.19246353
0,0,0,0,0,0,1,0,1,0,2,0,1,0,0,0,1,0,1,0,11,0,266,24,1,0,1,0,1.864167674,1.920744036,1.312071054,1.710950081,11.59846029
0,0,0,0,0,0,1,0,1,0,2,0,1,0,0,0,1,0,1,0,7,0,265,13,1,0,1,0,1.964933495,1.920744036,1.362535325,1.710950081,4.760940032
0,0,0,0,0,0,1,0,1,0,2,0,1,0,0,0,1,0,1,0,5,0,265,12,1,0,1,0,1.864167674,1.920744036,1.312071054,1.710950081,2.228525122
0,0,0,0,0,0,1,0,1,0,2,0,1,0,0,0,1,0,1,0,3,0,265,13,1,0,1,0,1.612253124,1.920744036,1.614856681,1.811594203,1.924635332
0,0,0,0,0,0,1,0,1,0,2,0,1,0,0,0,1,0,1,0,2,0,265,14,1,0,1,0,0,0,0,0,0
0,0,0,0,0,0,1,0,1,0,2,0,1,0,0,0,1,0,1,0,2,0,151,0,1,0,1,0,0,0,0,0,0
0,0,0,0,0,0,1,0,1,0,2,0,1,0,0,0,1,0,1,0,2,0,86,0,1,0,1,0,0,0,0,0,0
0,0,0,0,0,0,1,0,1,0,2,0,1,0,0,0,1,0,1,0,1,0,52,0,1,0,1,0,0,0,0,0,0
0,0,0,0,0,0,1,0,1,0,2,0,1,0,0,0,1,0,1,0,1,0,29,0,1,0,1,0,0,0,0,0,0
0,0,0,0,0,0,1,0,1,0,2,0,1,0,0,0,1,0,1,0,1,0,18,0,1,0,1,0,0,0,0,0,0
0,0,0,0,0,0,1,0,1,0,2,0,1,0,0,0,1,0,1,0,1,0,11,0,1,0,1,0,0,0,0,0,0
0,0,0,0,0,0,1,0,1,0,2,0,1,0,0,0,1,0,0,0,1,0,7,0,1,0,1,0,0,0,0,0,0
0,0,0,0,0,0,1,0,1,0,2,0,1,0,0,0,1,0,1,0,1,0,5,0,1,0,1,0,0,0,0,0,0
0,0,0,0,0,0,1,0,1,0,2,0,1,0,0,0,1,0,1,0,1,0,3,0,1,0,1,0,0,0,0,0,0
0,0,0,0,0,0,1,0,1,0,2,0,1,0,0,0,1,0,1,0,1,0,2,0,1,0,1,0,0,0,0,0,0
0,0,0,0,0,0,1,0,1,0,2,0,1,0,0,0,1,0,1,0,1,0,2,0,1,0,1,0,0,0,0,0,0
0,0,0,0,0,0,1,0,1,0,2,0,1,0,0,0,1,0,0,0,1,0,1,0,1,0,1,0,0,0,0,0,0
0,0,0,0,0,0,1,0,1,0,2,0,1,0,0,0,1,0,1,0,1,0,1,0,1,0,1,0,0,0,0,0,0
0,0,0,0,0,0,1,0,1,0,2,0,1,0,0,0,1,0,0,0,1,0,1,0,1,0,1,0,0,0,0,0,0
0,0,0,0,0,0,1,0,1,0,2,0,1,0,0,0,1,0,1,0,1,0,1,0,1,0,1,0,0,0,0,0,0
0,0,0,0,0,0,1,0,1,0,2,0,1,0,0,0,1,0,0,0,1,0,1,0,1,0,1,0,0,0,0,0,0
0,0,0,0,0,0,1,0,1,0,2,0,1,0,0,0,1,0,0,0,1,0,1,0,1,0,1,0,0,0,0,0,0
0,0,0,0,0,0,1,0,1,0,2,0,1,0,0,0,1,0,0,0,1,0,1,0,1,0,1,0,0,0,0,0,0
0,0,0,0,0,0,1,0,1,0,2,0,1,0,0,0,1,0,0,0,1,0,1,0,1,0,1,0,0,0,0,0,0
